Kode,Nama Paket,K/L/PD/Instansi Lainnya,Satuan Kerja,Jenis Pengadaan,Metode Pengadaan,Tahun Anggaran,Nilai Pagu (dalam Rupiah),Nilai HPS (dalam Rupiah),Lokasi Pekerjaan,URL
10003281000,Belanja Jasa Tenaga Kebersihan RS (Cleaning Service) tahun 2025 Tender Batal,Kab. Sleman,Dinas Kesehatan,Jasa Lainnya,Tender - Pascakualifikasi Satu File - Harga Terendah Sistem Gugur,APBD 2025,3100000000,2938163079,Rumah Sakit Umum Daerah Sleman - Sleman (Kab.),https://spse.inaproc.id/slemankab/lelang/10003281000/pengumumanlelang
10017981000,Jasa Konsultansi Leger Jalan,Kab. Sleman,DINAS PEKERJAAN UMUM PERUMAHAN DAN KAWASAN PERMUKIMAN,Jasa Konsultansi Badan Usaha Konstruksi,Seleksi - Prakualifikasi Dua File - Kualitas dan Biaya,APBD 2025,529811050,529808550,Kabupaten Sleman - Sleman (Kab.),https://spse.inaproc.id/slemankab/lelang/10017981000/pengumumanlelang
10003398000,Belanja Jasa Tenaga Keamanan RS tahun 2025 Tender Batal,Kab. Sleman,Dinas Kesehatan,Jasa Lainnya,Tender - Pascakualifikasi Satu File - Harga Terendah Sistem Gugur,APBD 2025,1903000000,1718916528,Rumah Sakit Umum Daerah Sleman - Sleman (Kab.),https://spse.inaproc.id/slemankab/lelang/10003398000/pengumumanlelang
10032259000,Konsultan Pengawas pemeliharaan berkala Jalan Paket 2 Dayu-Krapyak,Kab. Sleman,DINAS PEKERJAAN UMUM PERUMAHAN DAN KAWASAN PERMUKIMAN,Jasa Konsultansi Badan Usaha Konstruksi,Seleksi - Prakualifikasi Dua File - Kualitas dan Biaya,APBD 2025,171707720,171491670,Kabupaten Sleman - Sleman (Kab.),https://spse.inaproc.id/slemankab/lelang/10032259000/pengumumanlelang
10012967000,Pengawasan Pembangunan RSUD Sleman Seleksi Batal,Kab. Sleman,DINAS PEKERJAAN UMUM PERUMAHAN DAN KAWASAN PERMUKIMAN,Jasa Konsultansi Badan Usaha Konstruksi,Seleksi - Prakualifikasi Dua File - Kualitas dan Biaya,APBD 2025,975000000,974998610,Kabupaten Sleman - Sleman (Kab.),https://spse.inaproc.id/slemankab/lelang/10012967000/pengumumanlelang
10065286000,Jasa Konsultansi Perencanaan Teknis Rehabilitasi/Pemeliharaan Berkala Jalan,Kab. Sleman,DINAS PEKERJAAN UMUM PERUMAHAN DAN KAWASAN PERMUKIMAN,Jasa Konsultansi Badan Usaha Konstruksi,Seleksi - Prakualifikasi Dua File - Kualitas dan Biaya,APBD 2025,130000250,129480390,Kabupaten Sleman - Sleman (Kab.),https://spse.inaproc.id/slemankab/lelang/10065286000/pengumumanlelang
10032270000,Pengadaan Kelengkapan Kontingen PORDA XVII 2025 Kabupaten Sleman,Komite Olah Raga Nasional Indonesia,KOMITE OLAHRAGA NASIONAL INDONESIA KAB SLEMAN,Pengadaan Barang,Tender - Pascakualifikasi Satu File - Harga Terendah Sistem Gugur,LAINNYA 2025,952000000,951902700,"Maguwoharjo, Depok, Sleman - Sleman (Kab.)",https://spse.inaproc.id/slemankab/lelang/10032270000/pengumumanlelang
10032245000,Pengadaan Seragam Kontingen PORDA XVII 2025 Kabupaten Sleman,Komite Olah Raga Nasional Indonesia,KOMITE OLAHRAGA NASIONAL INDONESIA KAB SLEMAN,Pengadaan Barang,Tender - Pascakualifikasi Satu File - Harga Terendah Sistem Gugur,LAINNYA 2025,609000000,608896050,"Maguwoharjo, Depok, Sleman - Sleman (Kab.)",https://spse.inaproc.id/slemankab/lelang/10032245000/pengumumanlelang
10003310000,Belanja Jasa Pencucian Pakaian & Linen RS tahun 2025,Kab. Sleman,Dinas Kesehatan,Jasa Lainnya,Tender - Pascakualifikasi Satu File - Harga Terendah Sistem Gugur,APBD 2025,1250000000,1216320000,Rumah Sakit Umum Daerah Sleman - Sleman (Kab.),https://spse.inaproc.id/slemankab/lelang/10003310000/pengumumanlelang
10003290000,Belanja Jasa Pengolahan Sampah/ Jasa Pemusnahan Sampah RS Tahun 2025,Kab. Sleman,Dinas Kesehatan,Jasa Lainnya,Tender - Pascakualifikasi Satu File - Harga Terendah Sistem Gugur,APBD 2025,350000000,342128640,Rumah Sakit Umum Daerah Sleman - Sleman (Kab.),https://spse.inaproc.id/slemankab/lelang/10003290000/pengumumanlelang
10016187000,Konsultan PengawasanPeningkatan Jalan Paket 1 Ngawen - Kenteng,Kab. Sleman,DINAS PEKERJAAN UMUM PERUMAHAN DAN KAWASAN PERMUKIMAN,Jasa Konsultansi Badan Usaha Konstruksi,Seleksi - Prakualifikasi Dua File - Kualitas dan Biaya,APBD 2025,270000000,269250000,Kabupaten Sleman - Sleman (Kab.),https://spse.inaproc.id/slemankab/lelang/10016187000/pengumumanlelang
10016189000,Konsultan Pengawasan Peningkatan Jalan Paket 2 Kaliduren - Sumber,Kab. Sleman,DINAS PEKERJAAN UMUM PERUMAHAN DAN KAWASAN PERMUKIMAN,Jasa Konsultansi Badan Usaha Konstruksi,Seleksi - Prakualifikasi Dua File - Kualitas dan Biaya,APBD 2025,298918900,295979000,Kabupaten Sleman - Sleman (Kab.),https://spse.inaproc.id/slemankab/lelang/10016189000/pengumumanlelang
10016183000,Konsultan Pengawasan Peningkatan Jalan Paket 3 Padon - Minggir,Kab. Sleman,DINAS PEKERJAAN UMUM PERUMAHAN DAN KAWASAN PERMUKIMAN,Jasa Konsultansi Badan Usaha Konstruksi,Seleksi - Prakualifikasi Dua File - Kualitas dan Biaya,APBD 2025,220000000,210521000,Kabupaten Sleman - Sleman (Kab.),https://spse.inaproc.id/slemankab/lelang/10016183000/pengumumanlelang
10017775000,",Pembangunan Gedung Pusat Layanan Usaha Terpadu (PLUT) KUKM Sleman Barat",Kab. Sleman,DINAS KOPERASI USAHA KECIL DAN MENENGAH,Pekerjaan Konstruksi,Tender - Pascakualifikasi Satu File - Harga Terendah Sistem Gugur,APBD 2025,2025857000,2024929123,Kabupaten Sleman - Sleman (Kab.),https://spse.inaproc.id/slemankab/lelang/10017775000/pengumumanlelang
10019634000,Jasa Konsultansi Perencanaan Teknis Jalan,Kab. Sleman,DINAS PEKERJAAN UMUM PERUMAHAN DAN KAWASAN PERMUKIMAN,Jasa Konsultansi Badan Usaha Konstruksi,Seleksi - Prakualifikasi Dua File - Kualitas dan Biaya,APBD 2025,140000250,139986540,Kabupaten Sleman - Sleman (Kab.),https://spse.inaproc.id/slemankab/lelang/10019634000/pengumumanlelang
10053520000,Jasa Konsultansi Survei Kondisi Jalan,Kab. Sleman,DINAS PEKERJAAN UMUM PERUMAHAN DAN KAWASAN PERMUKIMAN,Jasa Konsultansi Badan Usaha Konstruksi,Seleksi - Prakualifikasi Dua File - Kualitas dan Biaya,APBD 2025,385000000,384997950,Kabupaten Sleman - Sleman (Kab.),https://spse.inaproc.id/slemankab/lelang/10053520000/pengumumanlelang
10020404000,Jasa Konsultansi Perencanaan Teknis Jembatan,Kab. Sleman,DINAS PEKERJAAN UMUM PERUMAHAN DAN KAWASAN PERMUKIMAN,Jasa Konsultansi Badan Usaha Konstruksi,Seleksi - Prakualifikasi Dua File - Kualitas dan Biaya,APBD 2025,145115250,145054800,Kabupaten Sleman - Sleman (Kab.),https://spse.inaproc.id/slemankab/lelang/10020404000/pengumumanlelang
10047778000,Pembangunan Kapanewon Turi Tender Gagal,Kab. Sleman,DINAS PEKERJAAN UMUM PERUMAHAN DAN KAWASAN PERMUKIMAN,Pekerjaan Konstruksi,Tender - Pascakualifikasi Satu File - Harga Terendah Sistem Gugur,APBD 2025,8755000000,8754844392,Kabupaten Sleman - Sleman (Kab.),https://spse.inaproc.id/slemankab/lelang/10047778000/pengumumanlelang
10070235000,Rehabilitasi Puskesmas Pakem,Kab. Sleman,DINAS KESEHATAN,Pekerjaan Konstruksi,Tender - Pascakualifikasi Satu File - Harga Terendah Sistem Gugur,APBD 2025,820227083,820222008,Kabupaten Sleman - Sleman (Kab.),https://spse.inaproc.id/slemankab/lelang/10070235000/pengumumanlelang
10043483000,Jasa Konsultansi Survei Kondisi Jembatan,Kab. Sleman,DINAS PEKERJAAN UMUM PERUMAHAN DAN KAWASAN PERMUKIMAN,Jasa Konsultansi Badan Usaha Konstruksi,Seleksi - Prakualifikasi Dua File - Kualitas dan Biaya,APBD 2025,367694500,367691940,Kabupaten Sleman - Sleman (Kab.),https://spse.inaproc.id/slemankab/lelang/10043483000/pengumumanlelang
10004405000,Belanja Makanan dan Minuman pada Fasilitas Pelayanan Urusan Kesehatan (Makanan dan Minuman Harian Pegawai) Tahun 2025,Kab. Sleman,Dinas Kesehatan,Jasa Lainnya,Tender - Pascakualifikasi Satu File - Harga Terendah Sistem Gugur,APBD 2025,1450000000,1415790604,Rumah Sakit Umum Daerah Sleman - Sleman (Kab.),https://spse.inaproc.id/slemankab/lelang/10004405000/pengumumanlelang
10057591000,DED Perencanaan Saluran Drainase Sleman Timur,Kab. Sleman,DINAS PEKERJAAN UMUM PERUMAHAN DAN KAWASAN PERMUKIMAN,Jasa Konsultansi Badan Usaha Konstruksi,Seleksi - Prakualifikasi Dua File - Kualitas dan Biaya,APBD 2025,300000000,299743290,Kabupaten Sleman - Sleman (Kab.),https://spse.inaproc.id/slemankab/lelang/10057591000/pengumumanlelang
10057813000,Tindak Lanjut Identifikasi Kawasan Genangan Sleman Timur,Kab. Sleman,DINAS PEKERJAAN UMUM PERUMAHAN DAN KAWASAN PERMUKIMAN,Jasa Konsultansi Badan Usaha Konstruksi,Seleksi - Prakualifikasi Dua File - Kualitas dan Biaya,APBD 2025,279000000,278460150,Kabupaten Sleman - Sleman (Kab.),https://spse.inaproc.id/slemankab/lelang/10057813000/pengumumanlelang
10058967000,Pendataan Bangunan Gedung Negara,Kab. Sleman,DINAS PEKERJAAN UMUM PERUMAHAN DAN KAWASAN PERMUKIMAN,Jasa Konsultansi Badan Usaha Konstruksi,Seleksi - Prakualifikasi Dua File - Kualitas dan Biaya,APBD 2025,350000000,349968570,Kabupaten Sleman - Sleman (Kab.),https://spse.inaproc.id/slemankab/lelang/10058967000/pengumumanlelang
10082372000,Rehab. Masjid Darojatul Ulya,Kab. Sleman,DINAS PEKERJAAN UMUM PERUMAHAN DAN KAWASAN PERMUKIMAN,Pekerjaan Konstruksi,Tender - Pascakualifikasi Satu File - Harga Terendah Sistem Gugur,APBDP 2025,560000000,559899124,Kabupaten Sleman - Sleman (Kab.),https://spse.inaproc.id/slemankab/lelang/10082372000/pengumumanlelang
10071953000,Rehab. UPT SDA Barat,Kab. Sleman,DINAS PEKERJAAN UMUM PERUMAHAN DAN KAWASAN PERMUKIMAN,Pekerjaan Konstruksi,Tender - Pascakualifikasi Satu File - Harga Terendah Sistem Gugur,APBD 2025,614992200,614956705,Kabupaten Sleman - Sleman (Kab.),https://spse.inaproc.id/slemankab/lelang/10071953000/pengumumanlelang
10020177000,Pengawasan Pembangunan Kapanewon Turi,Kab. Sleman,DINAS PEKERJAAN UMUM PERUMAHAN DAN KAWASAN PERMUKIMAN,Jasa Konsultansi Badan Usaha Konstruksi,Seleksi - Prakualifikasi Dua File - Kualitas dan Biaya,APBD 2025,340000000,337321249,Kabupaten Sleman - Sleman (Kab.),https://spse.inaproc.id/slemankab/lelang/10020177000/pengumumanlelang
10003893000,Belanja Makanan dan Minuman pada Fasilitas Pelayanan Urusan Kesehatan (Makanan Siap Saji Pasien) Tahun 2025,Kab. Sleman,Dinas Kesehatan,Jasa Lainnya,Tender - Pascakualifikasi Satu File - Harga Terendah Sistem Gugur,APBD 2025,5100000000,5097189833,Rumah Sakit Umum Daerah Sleman - Sleman (Kab.),https://spse.inaproc.id/slemankab/lelang/10003893000/pengumumanlelang
10036542000,"Implementasi Penataan Kawasan Kumuh Perkotaan (Kaliwaru, Condongcatur, Depok)",Kab. Sleman,DINAS PEKERJAAN UMUM PERUMAHAN DAN KAWASAN PERMUKIMAN,Pekerjaan Konstruksi,Tender - Pascakualifikasi Satu File - Harga Terendah Sistem Gugur,APBD 2025,1000000000,1000000000,Kabupaten Sleman - Sleman (Kab.),https://spse.inaproc.id/slemankab/lelang/10036542000/pengumumanlelang
10056277000,Belanja Modal Bangunan Fasilitas Umum (Pembangunan Sarana dan Prasarana TPU Madurejo),Kab. Sleman,DINAS PEKERJAAN UMUM PERUMAHAN DAN KAWASAN PERMUKIMAN,Pekerjaan Konstruksi,Tender - Pascakualifikasi Satu File - Harga Terendah Sistem Gugur,APBD 2025,530000000,530000000,"TPU Madurejo, Kabupaten Sleman - Sleman (Kab.)",https://spse.inaproc.id/slemankab/lelang/10056277000/pengumumanlelang
10038704000,"Implementasi Penataan Kawasan Kumuh Perkotaan (Karanganyar, Sinduadi, Mlati)",Kab. Sleman,DINAS PEKERJAAN UMUM PERUMAHAN DAN KAWASAN PERMUKIMAN,Pekerjaan Konstruksi,Tender - Pascakualifikasi Satu File - Harga Terendah Sistem Gugur,APBD 2025,1000000000,1000000000,Kabupaten Sleman - Sleman (Kab.),https://spse.inaproc.id/slemankab/lelang/10038704000/pengumumanlelang
10038015000,Pemeliharaan PSU Perumahan Evaluasi Ulang,Kab. Sleman,DINAS PEKERJAAN UMUM PERUMAHAN DAN KAWASAN PERMUKIMAN,Pekerjaan Konstruksi,Tender - Pascakualifikasi Satu File - Harga Terendah Sistem Gugur,APBD 2025,600000000,600000000,Perumahan Griya Taman Asri Kabupaten Sleman - Sleman (Kab.),https://spse.inaproc.id/slemankab/lelang/10038015000/pengumumanlelang
10011645000,Pengawasan Pembangunan Parkir Pasar Godean,Kab. Sleman,DINAS PEKERJAAN UMUM PERUMAHAN DAN KAWASAN PERMUKIMAN,Jasa Konsultansi Badan Usaha Konstruksi,Seleksi - Prakualifikasi Dua File - Kualitas dan Biaya,APBD 2025,389000000,388989085,Kabupaten Sleman - Sleman (Kab.),https://spse.inaproc.id/slemankab/lelang/10011645000/pengumumanlelang
10071848000,Pembangunan Talud Stadion Maguwoharjo,Kab. Sleman,DINAS PEKERJAAN UMUM PERUMAHAN DAN KAWASAN PERMUKIMAN,Pekerjaan Konstruksi,Tender - Pascakualifikasi Satu File - Harga Terendah Sistem Gugur,APBD 2025,430000000,429736719,Kabupaten Sleman - Sleman (Kab.),https://spse.inaproc.id/slemankab/lelang/10071848000/pengumumanlelang
10049152000,Pembangunan Gedung UPT Perlindungan Perempuan dan Anak Kabupaten Sleman,Kab. Sleman,DINAS PEKERJAAN UMUM PERUMAHAN DAN KAWASAN PERMUKIMAN,Pekerjaan Konstruksi,Tender - Pascakualifikasi Satu File - Harga Terendah Sistem Gugur,APBD 2025,4675000000,4674984079,Kabupaten Sleman - Sleman (Kab.),https://spse.inaproc.id/slemankab/lelang/10049152000/pengumumanlelang
10032068000,Pengawasan Pembangunan Gedung UPT Perlindungan Perempuan dan Anak Kabupaten Sleman,Kab. Sleman,DINAS PEKERJAAN UMUM PERUMAHAN DAN KAWASAN PERMUKIMAN,Jasa Konsultansi Badan Usaha Konstruksi,Seleksi - Prakualifikasi Dua File - Kualitas dan Biaya,APBD 2025,250000000,249949225,Kabupaten Sleman - Sleman (Kab.),https://spse.inaproc.id/slemankab/lelang/10032068000/pengumumanlelang
