Kategori,Kode Paket,Nama Paket,Tanggal Pembuatan,K/L/PD/Instansi Lainnya,Satuan Kerja,Jenis Pengadaan,Metode Pengadaan,Tahun Anggaran,Nilai Pagu Paket (dalam Rupiah),Realisasi,URL
pencatatan,10210011000,",Belanja Alat/bahan laborat dan BDRS Sub Kegiatan Operasional Pelayanan Rumah Sakit Umum Daerah dr.Soediran MS Kab. Wonogiri (PL)",25 Januari 2025,Kab. Wonogiri,RSUD SOEDIRAN MANGUN SUMARSO,Pengadaan Barang,Pengadaan Langsung,BLUD 2025,3350000000,"1. Jenis: Setia Anugrah 4.639.800
Nilai: Rp. 4.639.800,00
Tanggal: 2025-08-11 00:00:00 +0000 UTC
2. Jenis: Putra Bengawan 7.992.000
Nilai: Rp. 7.992.000,00
Tanggal: 2025-09-04 00:00:00 +0000 UTC
3. Jenis: Enseval 66.516.750
Nilai: Rp. 66.516.750,00
Tanggal: 2025-08-04 00:00:00 +0000 UTC
4. Jenis: ERGE 69.230.700
Nilai: Rp. 69.230.700,00
Tanggal: 2025-09-08 00:00:00 +0000 UTC
5. Jenis: Saba 11.761.027
Nilai: Rp. 11.761.027,00
Tanggal: 2025-08-14 00:00:00 +0000 UTC
6. Jenis: PPG 937.728
Nilai: Rp. 937.728,00
Tanggal: 2025-03-14 00:00:00 +0000 UTC
7. Jenis: Saba 30.134.302
Nilai: Rp. 30.134.302,00
Tanggal: 2025-04-24 00:00:00 +0000 UTC
8. Jenis: citramed 124.320
Nilai: Rp. 124.320,00
Tanggal: 2025-05-16 00:00:00 +0000 UTC
9. Jenis: citramed 666.000
Nilai: Rp. 666.000,00
Tanggal: 2025-05-06 00:00:00 +0000 UTC
10. Jenis: Mutual 3.885.000
Nilai: Rp. 3.885.000,00
Tanggal: 2025-04-24 00:00:00 +0000 UTC
11. Jenis: Saba 37.902.770
Nilai: Rp. 37.902.770,00
Tanggal: 2025-05-07 00:00:00 +0000 UTC
12. Jenis: Saba 80.031.844
Nilai: Rp. 80.031.844,00
Tanggal: 2025-05-19 00:00:00 +0000 UTC
13. Jenis: APL 549.450
Nilai: Rp. 549.450,00
Tanggal: 2025-04-30 00:00:00 +0000 UTC
14. Jenis: Belanja Alat/bahan laborat dan BDRS PT.Putra Bengawan Sukses Makmur
Nilai: Rp. 4.884.000,00
Tanggal: 2025-01-14 00:00:00 +0000 UTC
15. Jenis: Belanja Alat/bahan laborat dan BDRS UNOLab
Nilai: Rp. 1.500.000,00
Tanggal: 2025-01-13 00:00:00 +0000 UTC
16. Jenis: Kuitansi
Nilai: Rp. 37.062.900,00
Tanggal: 2025-01-15 00:00:00 +0000 UTC
17. Jenis: Surat Pesanan
Nilai: Rp. 76.950.000,00
Tanggal: 2025-01-20 00:00:00 +0000 UTC
18. Jenis: Bukti Pembelian
Nilai: Rp. 1.587.112,00
Tanggal: 2025-01-20 00:00:00 +0000 UTC
19. Jenis: 6. Citramed 55.301.899
Nilai: Rp. 55.301.899,00
Tanggal: 2025-01-14 00:00:00 +0000 UTC
20. Jenis: 7. Saba 4.843.636
Nilai: Rp. 4.843.636,00
Tanggal: 2025-01-15 00:00:00 +0000 UTC
21. Jenis: Putra Bengawan 5.577.750
Nilai: Rp. 5.577.750,00
Tanggal: 2025-02-01 00:00:00 +0000 UTC
22. Jenis: ERGE 121.278.600
Nilai: Rp. 121.278.600,00
Tanggal: 2025-02-08 00:00:00 +0000 UTC
23. Jenis: Saba 22.041.004
Nilai: Rp. 22.041.004,00
Tanggal: 2025-01-22 00:00:00 +0000 UTC
24. Jenis: Putra Bengawan 7.104.000
Nilai: Rp. 7.104.000,00
Tanggal: 2025-02-14 00:00:00 +0000 UTC
25. Jenis: PPG 952.380
Nilai: Rp. 952.380,00
Tanggal: 2025-01-20 00:00:00 +0000 UTC
26. Jenis: Mutual 7.770.000
Nilai: Rp. 7.770.000,00
Tanggal: 2025-02-11 00:00:00 +0000 UTC
27. Jenis: Setia 54.834.000
Nilai: Rp. 54.834.000,00
Tanggal: 2025-01-14 00:00:00 +0000 UTC
28. Jenis: Saba 56.451.581
Nilai: Rp. 56.451.581,00
Tanggal: 2025-02-17 00:00:00 +0000 UTC
29. Jenis: 8.218.440 SABA
Nilai: Rp. 8.218.440,00
Tanggal: 2025-02-20 00:00:00 +0000 UTC
30. Jenis: 18.624.557 Saba
Nilai: Rp. 18.624.557,00
Tanggal: 2025-02-07 00:00:00 +0000 UTC
31. Jenis: Bukti Pembelian
Nilai: Rp. 1.572.972,00
Tanggal: 2025-02-20 00:00:00 +0000 UTC
32. Jenis: AAM 53.652.960
Nilai: Rp. 53.652.960,00
Tanggal: 2025-02-21 00:00:00 +0000 UTC
33. Jenis: Setia Anugrah 11.810.400
Nilai: Rp. 11.810.400,00
Tanggal: 2025-02-19 00:00:00 +0000 UTC
34. Jenis: Enseval 38.353.275
Nilai: Rp. 38.353.275,00
Tanggal: 2025-02-20 00:00:00 +0000 UTC
35. Jenis: PT.Citramed indonesia
Nilai: Rp. 23.989.320,00
Tanggal: 2025-02-14 00:00:00 +0000 UTC
36. Jenis: PT.Setia Anugerah Medika
Nilai: Rp. 8.857.800,00
Tanggal: 2025-01-15 00:00:00 +0000 UTC
37. Jenis: PT Enseval Putera Megatrading
Nilai: Rp. 23.398.800,00
Tanggal: 2025-02-06 00:00:00 +0000 UTC
38. Jenis: PT.Citramed indonesia
Nilai: Rp. 12.681.700,00
Tanggal: 2025-02-13 00:00:00 +0000 UTC
39. Jenis: PT.Citramed indonesia
Nilai: Rp. 31.914.720,00
Tanggal: 2025-02-06 00:00:00 +0000 UTC
40. Jenis: Putra Bengawan 4.440.000
Nilai: Rp. 4.440.000,00
Tanggal: 2025-03-13 00:00:00 +0000 UTC
41. Jenis: Citramed 500.000
Nilai: Rp. 500.000,00
Tanggal: 2025-02-08 00:00:00 +0000 UTC
42. Jenis: erge 122.077.800
Nilai: Rp. 122.077.800,00
Tanggal: 2025-03-11 00:00:00 +0000 UTC
43. Jenis: setia anugrah 2.952.600
Nilai: Rp. 2.952.600,00
Tanggal: 2025-02-20 00:00:00 +0000 UTC
44. Jenis: setia anugrah 147.630.000
Nilai: Rp. 147.630.000,00
Tanggal: 2025-03-12 00:00:00 +0000 UTC
45. Jenis: Enseval 66.917.737
Nilai: Rp. 66.917.737,00
Tanggal: 2025-03-08 00:00:00 +0000 UTC
46. Jenis: Saba 53.425.277
Nilai: Rp. 53.425.277,00
Tanggal: 2025-03-17 00:00:00 +0000 UTC
47. Jenis: Saba 21.238.629
Nilai: Rp. 21.238.629,00
Tanggal: 2025-03-17 00:00:00 +0000 UTC
48. Jenis: Citramed 62.290.680
Nilai: Rp. 62.290.680,00
Tanggal: 2025-03-10 00:00:00 +0000 UTC
49. Jenis: Mutual 7.770.000
Nilai: Rp. 7.770.000,00
Tanggal: 2025-03-12 00:00:00 +0000 UTC
50. Jenis: Citramed 1.864.800
Nilai: Rp. 1.864.800,00
Tanggal: 2025-03-05 00:00:00 +0000 UTC
51. Jenis: Putra Bengawan 5.772.000
Nilai: Rp. 5.772.000,00
Tanggal: 2025-04-10 00:00:00 +0000 UTC
52. Jenis: Saba 18.013.502
Nilai: Rp. 18.013.502,00
Tanggal: 2025-03-26 00:00:00 +0000 UTC
53. Jenis: MBS 2.897.090
Nilai: Rp. 2.897.090,00
Tanggal: 2025-03-06 00:00:00 +0000 UTC
54. Jenis: Erge 91.308.600
Nilai: Rp. 91.308.600,00
Tanggal: 2025-04-22 00:00:00 +0000 UTC
55. Jenis: Putra Bengawan 333.000
Nilai: Rp. 333.000,00
Tanggal: 2025-04-29 00:00:00 +0000 UTC
56. Jenis: Citramed 7.348.939
Nilai: Rp. 7.348.939,00
Tanggal: 2025-03-17 00:00:00 +0000 UTC
57. Jenis: Putra Bengawan 7.104.000
Nilai: Rp. 7.104.000,00
Tanggal: 2025-05-02 00:00:00 +0000 UTC
58. Jenis: AAM 53.652.960
Nilai: Rp. 53.652.960,00
Tanggal: 2025-03-24 00:00:00 +0000 UTC
59. Jenis: citramed 10.050.000
Nilai: Rp. 10.050.000,00
Tanggal: 2025-02-22 00:00:00 +0000 UTC
60. Jenis: citramed 24.585.999
Nilai: Rp. 24.585.999,00
Tanggal: 2025-04-21 00:00:00 +0000 UTC
61. Jenis: AAM 35.768.640
Nilai: Rp. 35.768.640,00
Tanggal: 2025-04-24 00:00:00 +0000 UTC
62. Jenis: Sentral Medika 756.000
Nilai: Rp. 756.000,00
Tanggal: 2025-04-22 00:00:00 +0000 UTC
63. Jenis: Saba 5.880.514
Nilai: Rp. 5.880.514,00
Tanggal: 2025-05-27 00:00:00 +0000 UTC
64. Jenis: CItramed 28.082.499
Nilai: Rp. 28.082.499,00
Tanggal: 2025-05-14 00:00:00 +0000 UTC
65. Jenis: Enseval 37.268.250
Nilai: Rp. 37.268.250,00
Tanggal: 2025-06-24 00:00:00 +0000 UTC
66. Jenis: Enseval 2.855.999
Nilai: Rp. 2.855.999,00
Tanggal: 2025-04-19 00:00:00 +0000 UTC
67. Jenis: Trisa 370.000
Nilai: Rp. 370.000,00
Tanggal: 2025-05-15 00:00:00 +0000 UTC
68. Jenis: enseval 62.837.100
Nilai: Rp. 62.837.100,00
Tanggal: 2025-05-08 00:00:00 +0000 UTC
69. Jenis: Putra Bengawan 5.328.000
Nilai: Rp. 5.328.000,00
Tanggal: 2025-06-11 00:00:00 +0000 UTC
70. Jenis: Enseval 33.989.587
Nilai: Rp. 33.989.587,00
Tanggal: 2025-09-06 00:00:00 +0000 UTC
71. Jenis: ERGE 101.298.600
Nilai: Rp. 101.298.600,00
Tanggal: 2025-06-10 00:00:00 +0000 UTC
72. Jenis: APL 32.769.004
Nilai: Rp. 32.769.004,00
Tanggal: 2025-07-07 00:00:00 +0000 UTC
73. Jenis: Citramed 17.242.740
Nilai: Rp. 17.242.740,00
Tanggal: 2025-07-12 00:00:00 +0000 UTC
74. Jenis: Saba 2.222.775
Nilai: Rp. 2.222.775,00
Tanggal: 2025-07-09 00:00:00 +0000 UTC
75. Jenis: Citramed 56.934.680
Nilai: Rp. 56.934.680,00
Tanggal: 2025-06-09 00:00:00 +0000 UTC
76. Jenis: 62. Citramed 6.700.000
Nilai: Rp. 6.700.000,00
Tanggal: 2025-06-18 00:00:00 +0000 UTC
77. Jenis: 63. putra bengawan 6.660.000
Nilai: Rp. 6.660.000,00
Tanggal: 2025-07-07 00:00:00 +0000 UTC
78. Jenis: Putra Bengawan 7.104.000
Nilai: Rp. 7.104.000,00
Tanggal: 2025-08-06 00:00:00 +0000 UTC
79. Jenis: ERGE 121.278.600
Nilai: Rp. 121.278.600,00
Tanggal: 2025-08-06 00:00:00 +0000 UTC
80. Jenis: Saba 33.717.382
Nilai: Rp. 33.717.382,00
Tanggal: 2025-06-24 00:00:00 +0000 UTC
81. Jenis: Saba 324.104
Nilai: Rp. 324.104,00
Tanggal: 2025-06-20 00:00:00 +0000 UTC
82. Jenis: Mutual 7.770.000
Nilai: Rp. 7.770.000,00
Tanggal: 2025-06-09 00:00:00 +0000 UTC
83. Jenis: Mutual 3.885.000
Nilai: Rp. 3.885.000,00
Tanggal: 2025-06-19 00:00:00 +0000 UTC
84. Jenis: CItramed 30.365.639
Nilai: Rp. 30.365.639,00
Tanggal: 2025-07-07 00:00:00 +0000 UTC
85. Jenis: Mutual 7.770.000
Nilai: Rp. 7.770.000,00
Tanggal: 2025-08-07 00:00:00 +0000 UTC
86. Jenis: Saba 97.945.734
Nilai: Rp. 97.945.734,00
Tanggal: 2025-08-05 00:00:00 +0000 UTC
87. Jenis: Citramed 46.523.039
Nilai: Rp. 46.523.039,00
Tanggal: 2025-08-06 00:00:00 +0000 UTC
88. Jenis: Saba 1.296.416
Nilai: Rp. 1.296.416,00
Tanggal: 2025-08-19 00:00:00 +0000 UTC
89. Jenis: Citramed 6.700.000
Nilai: Rp. 6.700.000,00
Tanggal: 2025-08-12 00:00:00 +0000 UTC
90. Jenis: Citramed 47.865.279
Nilai: Rp. 47.865.279,00
Tanggal: 2025-09-06 00:00:00 +0000 UTC
91. Jenis: Citramed 1.787.100
Nilai: Rp. 1.787.100,00
Tanggal: 2025-09-11 00:00:00 +0000 UTC
92. Jenis: Saba 62.426.023
Nilai: Rp. 62.426.023,00
Tanggal: 2025-09-10 00:00:00 +0000 UTC
93. Jenis: Setia Anugrah 62.004.600
Nilai: Rp. 62.004.600,00
Tanggal: 2025-09-11 00:00:00 +0000 UTC
94. Jenis: Putra Bengawan 5.328.000
Nilai: Rp. 5.328.000,00
Tanggal: 2025-11-13 00:00:00 +0000 UTC
95. Jenis: Gibsha 125.000
Nilai: Rp. 125.000,00
Tanggal: 2025-10-23 00:00:00 +0000 UTC
96. Jenis: Enseval 2.856.000
Nilai: Rp. 2.856.000,00
Tanggal: 2025-10-16 00:00:00 +0000 UTC
97. Jenis: Putra Bengawan 6.660.000
Nilai: Rp. 6.660.000,00
Tanggal: 2025-10-14 00:00:00 +0000 UTC
98. Jenis: Putra Bengawan 975.000
Nilai: Rp. 975.000,00
Tanggal: 2025-10-16 00:00:00 +0000 UTC
99. Jenis: Dimensi 3.789.312
Nilai: Rp. 3.789.312,00
Tanggal: 2025-11-04 00:00:00 +0000 UTC
100. Jenis: Putra Bengawan 1.436.000
Nilai: Rp. 1.436.000,00
Tanggal: 2025-10-22 00:00:00 +0000 UTC
101. Jenis: ERGE 129.370.500
Nilai: Rp. 129.370.500,00
Tanggal: 2025-11-28 00:00:00 +0000 UTC
102. Jenis: APL 17.114.008
Nilai: Rp. 17.114.008,00
Tanggal: 2025-10-15 00:00:00 +0000 UTC
103. Jenis: ERGE 107.991.900
Nilai: Rp. 107.991.900,00
Tanggal: 2025-10-14 00:00:00 +0000 UTC
104. Jenis: Mutual 7.770.000
Nilai: Rp. 7.770.000,00
Tanggal: 2025-10-15 00:00:00 +0000 UTC
105. Jenis: Saba 18.673.530
Nilai: Rp. 18.673.530,00
Tanggal: 2025-11-11 00:00:00 +0000 UTC
106. Jenis: Citramed 47.572.999
Nilai: Rp. 47.512.999,00
Tanggal: 2025-10-14 00:00:00 +0000 UTC
107. Jenis: Saba 83.102.692
Nilai: Rp. 83.102.692,00
Tanggal: 2025-10-15 00:00:00 +0000 UTC
108. Jenis: Enseval 32.503.575
Nilai: Rp. 32.503.575,00
Tanggal: 2025-10-14 00:00:00 +0000 UTC
109. Jenis: Mutual 11.655.000
Nilai: Rp. 11.655.000,00
Tanggal: 2025-11-12 00:00:00 +0000 UTC
110. Jenis: Saba 11.757.120
Nilai: Rp. 11.757.120,00
Tanggal: 2025-10-23 00:00:00 +0000 UTC
111. Jenis: Enseval 68.262.225
Nilai: Rp. 68.262.225,00
Tanggal: 2025-10-25 00:00:00 +0000 UTC
112. Jenis: Sinergi 8.880.000
Nilai: Rp. 8.880.000,00
Tanggal: 2025-11-27 00:00:00 +0000 UTC
113. Jenis: Saba 81.040.134
Nilai: Rp. 81.040.134,00
Tanggal: 2025-11-21 00:00:00 +0000 UTC",https://spse.inaproc.id/wonogirikab/pencatatan/pengumumannonspk?id=10210011000
pencatatan,10193768000,Belanja BMHP Sub Kegiatan Operasional Pelayanan Rumah Sakit Umum Daerah dr.Soediran MS Kab. Wonogiri,22 Januari 2025,Kab. Wonogiri,RSUD SOEDIRAN MANGUN SUMARSO,Pengadaan Barang,Pengadaan Langsung,BLUD 2025,12000000000,"1. Jenis: indoprima
Nilai: Rp. 1.167.500,00
Tanggal: 2025-05-22 00:00:00 +0000 UTC
2. Jenis: IHS
Nilai: Rp. 2.344.737,00
Tanggal: 2025-07-23 00:00:00 +0000 UTC
3. Jenis: indoprima
Nilai: Rp. 1.937.500,00
Tanggal: 2025-06-14 00:00:00 +0000 UTC
4. Jenis: ihs
Nilai: Rp. 132.420,00
Tanggal: 2025-02-27 00:00:00 +0000 UTC
5. Jenis: Sinar roda
Nilai: Rp. 584.748.000,00
Tanggal: 2025-08-13 00:00:00 +0000 UTC
6. Jenis: MBS
Nilai: Rp. 289.117,00
Tanggal: 2025-07-10 00:00:00 +0000 UTC
7. Jenis: ENSEVAL
Nilai: Rp. 380.999,00
Tanggal: 2025-06-24 00:00:00 +0000 UTC
8. Jenis: endo
Nilai: Rp. 975.002,00
Tanggal: 2025-08-06 00:00:00 +0000 UTC
9. Jenis: endo
Nilai: Rp. 117.000,00
Tanggal: 2025-07-22 00:00:00 +0000 UTC
10. Jenis: inderval
Nilai: Rp. 4.395.600,00
Tanggal: 2025-08-21 00:00:00 +0000 UTC
11. Jenis: Inderval
Nilai: Rp. 5.417.910,00
Tanggal: 2025-04-25 00:00:00 +0000 UTC
12. Jenis: AAM
Nilai: Rp. 4.732.559,00
Tanggal: 2025-03-14 00:00:00 +0000 UTC
13. Jenis: PPG
Nilai: Rp. 90.405.583,00
Tanggal: 2025-03-20 00:00:00 +0000 UTC
14. Jenis: Mulawarman
Nilai: Rp. 1.714.050,00
Tanggal: 2025-04-10 00:00:00 +0000 UTC
15. Jenis: trisa
Nilai: Rp. 4.119.870,00
Tanggal: 2025-03-12 00:00:00 +0000 UTC
16. Jenis: endo
Nilai: Rp. 784.498,00
Tanggal: 2025-04-22 00:00:00 +0000 UTC
17. Jenis: CBM
Nilai: Rp. 1.854.300,00
Tanggal: 2025-04-15 00:00:00 +0000 UTC
18. Jenis: cbm
Nilai: Rp. 1.112.580,00
Tanggal: 2025-04-21 00:00:00 +0000 UTC
19. Jenis: Enseval
Nilai: Rp. 1.713.968,00
Tanggal: 2025-03-19 00:00:00 +0000 UTC
20. Jenis: endo
Nilai: Rp. 1.247.501,00
Tanggal: 2025-02-11 00:00:00 +0000 UTC
21. Jenis: APL
Nilai: Rp. 663.780,00
Tanggal: 2025-03-13 00:00:00 +0000 UTC
22. Jenis: MPI
Nilai: Rp. 31.294.735,00
Tanggal: 2025-03-21 00:00:00 +0000 UTC
23. Jenis: endo
Nilai: Rp. 1.157.502,00
Tanggal: 2025-01-17 00:00:00 +0000 UTC
24. Jenis: endo
Nilai: Rp. 4.878.502,00
Tanggal: 2025-03-04 00:00:00 +0000 UTC
25. Jenis: ENSEVAL
Nilai: Rp. 1.888.946,00
Tanggal: 2025-03-07 00:00:00 +0000 UTC
26. Jenis: Sinar roda
Nilai: Rp. 584.748.000,00
Tanggal: 2025-05-03 00:00:00 +0000 UTC
27. Jenis: Surat Perjanjian
Nilai: Rp. 487.290.000,00
Tanggal: 2024-12-09 00:00:00 +0000 UTC
28. Jenis: Suave
Nilai: Rp. 724.411,00
Tanggal: 2025-01-06 00:00:00 +0000 UTC
29. Jenis: inderval
Nilai: Rp. 5.422.073,00
Tanggal: 2025-02-13 00:00:00 +0000 UTC
30. Jenis: Sekar guna
Nilai: Rp. 2.930.400,00
Tanggal: 2025-01-22 00:00:00 +0000 UTC
31. Jenis: Trisa likuid
Nilai: Rp. 8.964.320,00
Tanggal: 2025-01-07 00:00:00 +0000 UTC
32. Jenis: Inderval
Nilai: Rp. 18.001.536,00
Tanggal: 2025-01-30 00:00:00 +0000 UTC
33. Jenis: Total Medika
Nilai: Rp. 2.176.440,00
Tanggal: 2025-01-07 00:00:00 +0000 UTC
34. Jenis: Cahaya Surya
Nilai: Rp. 6.371.400,00
Tanggal: 2025-01-25 00:00:00 +0000 UTC
35. Jenis: Mensa binasukses
Nilai: Rp. 1.472.226,00
Tanggal: 2025-01-10 00:00:00 +0000 UTC
36. Jenis: Pesamed
Nilai: Rp. 1.110.000,00
Tanggal: 2025-02-04 00:00:00 +0000 UTC
37. Jenis: Alfa medica
Nilai: Rp. 2.160.000,00
Tanggal: 2025-01-20 00:00:00 +0000 UTC
38. Jenis: Bukti Pembelian
Nilai: Rp. 843.600,00
Tanggal: 2025-01-14 00:00:00 +0000 UTC
39. Jenis: Solocone Industry
Nilai: Rp. 9.324.000,00
Tanggal: 2025-01-10 00:00:00 +0000 UTC
40. Jenis: Doa orang tua
Nilai: Rp. 2.556.921,00
Tanggal: 2025-02-05 00:00:00 +0000 UTC
41. Jenis: Sinergi
Nilai: Rp. 3.285.600,00
Tanggal: 2025-01-31 00:00:00 +0000 UTC
42. Jenis: Gracia
Nilai: Rp. 2.592.960,00
Tanggal: 2025-01-13 00:00:00 +0000 UTC
43. Jenis: Sinar Roda Utama
Nilai: Rp. 31.080.000,00
Tanggal: 2025-01-24 00:00:00 +0000 UTC
44. Jenis: Medika Cahaya Mandiri
Nilai: Rp. 11.525.297,00
Tanggal: 2025-01-30 00:00:00 +0000 UTC
45. Jenis: Sinar Roda Utama
Nilai: Rp. 584.748.000,00
Tanggal: 2025-01-24 00:00:00 +0000 UTC
46. Jenis: Sinergi
Nilai: Rp. 10.741.975,00
Tanggal: 2025-02-03 00:00:00 +0000 UTC
47. Jenis: MBS
Nilai: Rp. 1.464.773,00
Tanggal: 2025-01-23 00:00:00 +0000 UTC
48. Jenis: MBS
Nilai: Rp. 1.803.206,00
Tanggal: 2025-01-23 00:00:00 +0000 UTC
49. Jenis: Dwiasri Graha
Nilai: Rp. 498.000,00
Tanggal: 2025-01-06 00:00:00 +0000 UTC
50. Jenis: Mensa binasukses
Nilai: Rp. 11.084.238,00
Tanggal: 2025-01-10 00:00:00 +0000 UTC
51. Jenis: wijaya
Nilai: Rp. 39.673.620,00
Tanggal: 2025-01-11 00:00:00 +0000 UTC
52. Jenis: GAU
Nilai: Rp. 219.000,00
Tanggal: 2025-01-31 00:00:00 +0000 UTC
53. Jenis: AAM
Nilai: Rp. 5.857.630,00
Tanggal: 2025-01-16 00:00:00 +0000 UTC
54. Jenis: Cahaya medika
Nilai: Rp. 1.659.080,00
Tanggal: 2025-01-07 00:00:00 +0000 UTC
55. Jenis: PPG
Nilai: Rp. 8.117.726,00
Tanggal: 2025-01-16 00:00:00 +0000 UTC
56. Jenis: Cakra jaya
Nilai: Rp. 69.241.722,00
Tanggal: 2025-01-17 00:00:00 +0000 UTC
57. Jenis: AAM
Nilai: Rp. 26.947.466,00
Tanggal: 2025-01-22 00:00:00 +0000 UTC
58. Jenis: merapi
Nilai: Rp. 29.738.562,00
Tanggal: 2025-01-16 00:00:00 +0000 UTC
59. Jenis: cahaya
Nilai: Rp. 1.659.080,00
Tanggal: 2025-01-21 00:00:00 +0000 UTC
60. Jenis: APL
Nilai: Rp. 5.096.291,00
Tanggal: 2025-01-13 00:00:00 +0000 UTC
61. Jenis: Demka
Nilai: Rp. 2.175.600,00
Tanggal: 2025-02-17 00:00:00 +0000 UTC
62. Jenis: Panda
Nilai: Rp. 1.500.000,00
Tanggal: 2025-01-07 00:00:00 +0000 UTC
63. Jenis: Enseval
Nilai: Rp. 26.299.798,00
Tanggal: 2025-01-22 00:00:00 +0000 UTC
64. Jenis: IHS
Nilai: Rp. 35.561.473,00
Tanggal: 2025-01-08 00:00:00 +0000 UTC
65. Jenis: IHS
Nilai: Rp. 43.433.518,00
Tanggal: 2025-01-24 00:00:00 +0000 UTC
66. Jenis: IHS
Nilai: Rp. 23.443.292,00
Tanggal: 2025-01-13 00:00:00 +0000 UTC
67. Jenis: mpi
Nilai: Rp. 54.434.767,00
Tanggal: 2025-01-21 00:00:00 +0000 UTC
68. Jenis: Dwiasri Graha
Nilai: Rp. 888.000,00
Tanggal: 2025-01-21 00:00:00 +0000 UTC
69. Jenis: Dwiasri Graha
Nilai: Rp. 6.975.600,00
Tanggal: 2025-01-13 00:00:00 +0000 UTC
70. Jenis: Buana Karya
Nilai: Rp. 275.003,00
Tanggal: 2025-01-13 00:00:00 +0000 UTC
71. Jenis: Edison
Nilai: Rp. 5.029.072,00
Tanggal: 2025-01-20 00:00:00 +0000 UTC
72. Jenis: Sinar roda
Nilai: Rp. 487.290.000,00
Tanggal: 2025-01-03 00:00:00 +0000 UTC
73. Jenis: Brataco
Nilai: Rp. 5.623.000,00
Tanggal: 2025-01-24 00:00:00 +0000 UTC
74. Jenis: Dwiasri Graha
Nilai: Rp. 6.448.400,00
Tanggal: 2025-02-10 00:00:00 +0000 UTC
75. Jenis: Bukti Pembelian
Nilai: Rp. 41.636.410,00
Tanggal: 2025-01-22 00:00:00 +0000 UTC
76. Jenis: CSS
Nilai: Rp. 6.153.840,00
Tanggal: 2025-02-13 00:00:00 +0000 UTC
77. Jenis: MPI
Nilai: Rp. 700.632,00
Tanggal: 2025-01-03 00:00:00 +0000 UTC
78. Jenis: MCM
Nilai: Rp. 1.557.064,00
Tanggal: 2025-02-12 00:00:00 +0000 UTC
79. Jenis: Total Medika
Nilai: Rp. 1.002.980,00
Tanggal: 2025-02-14 00:00:00 +0000 UTC
80. Jenis: Indo prima
Nilai: Rp. 1.503.150,00
Tanggal: 2025-01-25 00:00:00 +0000 UTC
81. Jenis: Sinar Roda Utama
Nilai: Rp. 5.550.000,00
Tanggal: 2025-02-12 00:00:00 +0000 UTC
82. Jenis: Avia Dinamika
Nilai: Rp. 113.330.253,00
Tanggal: 2025-01-30 00:00:00 +0000 UTC
83. Jenis: Mulawarman
Nilai: Rp. 2.677.200,00
Tanggal: 2025-01-28 00:00:00 +0000 UTC
84. Jenis: Mulawarman
Nilai: Rp. 7.135.000,00
Tanggal: 2025-01-16 00:00:00 +0000 UTC
85. Jenis: Edison
Nilai: Rp. 5.029.072,00
Tanggal: 2025-02-07 00:00:00 +0000 UTC
86. Jenis: MMP
Nilai: Rp. 1.197.690,00
Tanggal: 2025-01-31 00:00:00 +0000 UTC
87. Jenis: Hanif Putra
Nilai: Rp. 175.114.246,00
Tanggal: 2025-01-30 00:00:00 +0000 UTC
88. Jenis: PPG
Nilai: Rp. 134.225.230,00
Tanggal: 2025-01-30 00:00:00 +0000 UTC
89. Jenis: CBM
Nilai: Rp. 370.000,00
Tanggal: 2025-01-22 00:00:00 +0000 UTC
90. Jenis: Alfa medica
Nilai: Rp. 3.728.668,00
Tanggal: 2025-02-05 00:00:00 +0000 UTC
91. Jenis: mentari
Nilai: Rp. 525.000,00
Tanggal: 2025-01-21 00:00:00 +0000 UTC
92. Jenis: mitra utama
Nilai: Rp. 3.158.400,00
Tanggal: 2025-01-28 00:00:00 +0000 UTC
93. Jenis: MPI
Nilai: Rp. 1.851.480,00
Tanggal: 2025-02-27 00:00:00 +0000 UTC
94. Jenis: MBS
Nilai: Rp. 2.243.514,00
Tanggal: 2025-02-10 00:00:00 +0000 UTC
95. Jenis: PPG
Nilai: Rp. 50.472.524,00
Tanggal: 2025-02-13 00:00:00 +0000 UTC
96. Jenis: Intergastra
Nilai: Rp. 20.919.060,00
Tanggal: 2025-01-14 00:00:00 +0000 UTC
97. Jenis: Arfeda
Nilai: Rp. 27.750.000,00
Tanggal: 2025-02-01 00:00:00 +0000 UTC
98. Jenis: MBS
Nilai: Rp. 1.028.725,00
Tanggal: 2025-02-11 00:00:00 +0000 UTC
99. Jenis: Bukit Louzer
Nilai: Rp. 622.963,00
Tanggal: 2025-02-26 00:00:00 +0000 UTC
100. Jenis: Cakra jaya
Nilai: Rp. 29.840.646,00
Tanggal: 2025-02-14 00:00:00 +0000 UTC
101. Jenis: Rajawali
Nilai: Rp. 4.717.500,00
Tanggal: 2025-01-24 00:00:00 +0000 UTC
102. Jenis: cobra
Nilai: Rp. 6.118.365,00
Tanggal: 2025-02-06 00:00:00 +0000 UTC
103. Jenis: Nisinko
Nilai: Rp. 1.917.047,00
Tanggal: 2025-02-11 00:00:00 +0000 UTC
104. Jenis: Pesamed
Nilai: Rp. 1.145.000,00
Tanggal: 2025-03-05 00:00:00 +0000 UTC
105. Jenis: Gracia
Nilai: Rp. 2.592.960,00
Tanggal: 2025-03-14 00:00:00 +0000 UTC
106. Jenis: APL
Nilai: Rp. 2.035.070,00
Tanggal: 2025-02-10 00:00:00 +0000 UTC
107. Jenis: Merapi
Nilai: Rp. 9.003.270,00
Tanggal: 2025-02-11 00:00:00 +0000 UTC
108. Jenis: MPI
Nilai: Rp. 908.181,00
Tanggal: 2025-02-05 00:00:00 +0000 UTC
109. Jenis: MPI
Nilai: Rp. 1.166.499,00
Tanggal: 2025-02-07 00:00:00 +0000 UTC
110. Jenis: MPI
Nilai: Rp. 35.925.372,00
Tanggal: 2025-02-25 00:00:00 +0000 UTC
111. Jenis: sinergi
Nilai: Rp. 10.741.975,00
Tanggal: 2025-02-07 00:00:00 +0000 UTC
112. Jenis: Avia
Nilai: Rp. 75.716.375,00
Tanggal: 2025-02-25 00:00:00 +0000 UTC
113. Jenis: AAM
Nilai: Rp. 28.991.929,00
Tanggal: 2025-02-13 00:00:00 +0000 UTC
114. Jenis: ENSEVAL
Nilai: Rp. 11.148.840,00
Tanggal: 2025-02-12 00:00:00 +0000 UTC
115. Jenis: MMP
Nilai: Rp. 1.087.800,00
Tanggal: 2025-03-07 00:00:00 +0000 UTC
116. Jenis: Hanif Putra
Nilai: Rp. 131.784.522,00
Tanggal: 2025-02-24 00:00:00 +0000 UTC
117. Jenis: Sinar roda
Nilai: Rp. 584.748.000,00
Tanggal: 2025-03-05 00:00:00 +0000 UTC
118. Jenis: css
Nilai: Rp. 6.153.840,00
Tanggal: 2025-03-14 00:00:00 +0000 UTC
119. Jenis: inderval
Nilai: Rp. 6.529.353,00
Tanggal: 2025-03-15 00:00:00 +0000 UTC
120. Jenis: Alfa medica
Nilai: Rp. 2.160.000,00
Tanggal: 2025-03-04 00:00:00 +0000 UTC
121. Jenis: KRM
Nilai: Rp. 50.568.900,00
Tanggal: 2025-02-19 00:00:00 +0000 UTC
122. Jenis: Mulawarman
Nilai: Rp. 1.920.000,00
Tanggal: 2025-02-04 00:00:00 +0000 UTC
123. Jenis: Trisa likuid
Nilai: Rp. 1.549.440,00
Tanggal: 2025-02-06 00:00:00 +0000 UTC
124. Jenis: Trisa likuid
Nilai: Rp. 9.281.920,00
Tanggal: 2025-02-08 00:00:00 +0000 UTC
125. Jenis: mcm
Nilai: Rp. 1.156.509,00
Tanggal: 2025-03-06 00:00:00 +0000 UTC
126. Jenis: Demka
Nilai: Rp. 2.855.500,00
Tanggal: 2025-03-14 00:00:00 +0000 UTC
127. Jenis: Surgika
Nilai: Rp. 3.408.001,00
Tanggal: 2025-03-19 00:00:00 +0000 UTC
128. Jenis: Edison
Nilai: Rp. 16.824.852,00
Tanggal: 2025-03-19 00:00:00 +0000 UTC
129. Jenis: IHS
Nilai: Rp. 41.705.352,00
Tanggal: 2025-02-27 00:00:00 +0000 UTC
130. Jenis: Inderval
Nilai: Rp. 5.046.282,00
Tanggal: 2025-04-12 00:00:00 +0000 UTC
131. Jenis: AMSA
Nilai: Rp. 109.056.506,00
Tanggal: 2025-01-25 00:00:00 +0000 UTC
132. Jenis: amsa
Nilai: Rp. 82.759.291,00
Tanggal: 2025-02-26 00:00:00 +0000 UTC
133. Jenis: Surgika
Nilai: Rp. 2.661.998,00
Tanggal: 2025-01-10 00:00:00 +0000 UTC
134. Jenis: inderval
Nilai: Rp. 4.630.920,00
Tanggal: 2025-03-01 00:00:00 +0000 UTC
135. Jenis: Surgika
Nilai: Rp. 1.405.006,00
Tanggal: 2025-02-27 00:00:00 +0000 UTC
136. Jenis: dwi asri
Nilai: Rp. 411.000,00
Tanggal: 2025-03-26 00:00:00 +0000 UTC
137. Jenis: Brataco
Nilai: Rp. 1.975.000,00
Tanggal: 2025-02-24 00:00:00 +0000 UTC
138. Jenis: surgika
Nilai: Rp. 2.234.487,00
Tanggal: 2025-02-04 00:00:00 +0000 UTC
139. Jenis: Surgika
Nilai: Rp. 2.175.007,00
Tanggal: 2025-03-05 00:00:00 +0000 UTC
140. Jenis: Surgika
Nilai: Rp. 2.499.998,00
Tanggal: 2025-01-23 00:00:00 +0000 UTC
141. Jenis: Sinar roda
Nilai: Rp. 538.300,00
Tanggal: 2025-03-05 00:00:00 +0000 UTC
142. Jenis: mentari
Nilai: Rp. 278.000,00
Tanggal: 2025-03-13 00:00:00 +0000 UTC
143. Jenis: MERAPI
Nilai: Rp. 1.248.750,00
Tanggal: 2025-03-15 00:00:00 +0000 UTC
144. Jenis: Panda
Nilai: Rp. 1.110.000,00
Tanggal: 2025-04-17 00:00:00 +0000 UTC
145. Jenis: mbs
Nilai: Rp. 8.219.772,00
Tanggal: 2025-03-12 00:00:00 +0000 UTC
146. Jenis: Sinar roda
Nilai: Rp. 487.290.000,00
Tanggal: 2025-04-09 00:00:00 +0000 UTC
147. Jenis: Brataco
Nilai: Rp. 6.392.000,00
Tanggal: 2025-03-31 00:00:00 +0000 UTC
148. Jenis: Mulawarman
Nilai: Rp. 1.003.050,00
Tanggal: 2025-03-19 00:00:00 +0000 UTC
149. Jenis: Suave
Nilai: Rp. 965.882,00
Tanggal: 2025-04-14 00:00:00 +0000 UTC
150. Jenis: Gibsha
Nilai: Rp. 300.000,00
Tanggal: 2025-03-17 00:00:00 +0000 UTC
151. Jenis: MMP
Nilai: Rp. 432.900,00
Tanggal: 2025-03-12 00:00:00 +0000 UTC
152. Jenis: Panda
Nilai: Rp. 1.500.000,00
Tanggal: 2025-03-20 00:00:00 +0000 UTC
153. Jenis: Gibsha
Nilai: Rp. 300.000,00
Tanggal: 2025-04-23 00:00:00 +0000 UTC
154. Jenis: Total Medika
Nilai: Rp. 555.000,00
Tanggal: 2025-03-12 00:00:00 +0000 UTC
155. Jenis: Total Medika
Nilai: Rp. 1.450.959,00
Tanggal: 2025-03-12 00:00:00 +0000 UTC
156. Jenis: IHS
Nilai: Rp. 9.817.035,00
Tanggal: 2025-03-24 00:00:00 +0000 UTC
157. Jenis: Hanif Putra
Nilai: Rp. 90.726.444,00
Tanggal: 2025-03-12 00:00:00 +0000 UTC
158. Jenis: Hanif Putra
Nilai: Rp. 118.352.640,00
Tanggal: 2025-03-24 00:00:00 +0000 UTC
159. Jenis: wijaya
Nilai: Rp. 30.196.440,00
Tanggal: 2025-03-26 00:00:00 +0000 UTC
160. Jenis: sci
Nilai: Rp. 11.766.000,00
Tanggal: 2025-03-13 00:00:00 +0000 UTC
161. Jenis: MPI
Nilai: Rp. 1.201.464,00
Tanggal: 2025-03-13 00:00:00 +0000 UTC
162. Jenis: MPI
Nilai: Rp. 1.687.402,00
Tanggal: 2025-03-20 00:00:00 +0000 UTC
163. Jenis: mpi
Nilai: Rp. 1.851.480,00
Tanggal: 2025-03-27 00:00:00 +0000 UTC
164. Jenis: APL
Nilai: Rp. 163.500,00
Tanggal: 2025-01-02 00:00:00 +0000 UTC
165. Jenis: Dwiasri Graha
Nilai: Rp. 391.000,00
Tanggal: 2025-04-29 00:00:00 +0000 UTC
166. Jenis: Dwiasri Graha
Nilai: Rp. 6.962.400,00
Tanggal: 2025-03-12 00:00:00 +0000 UTC
167. Jenis: cobra
Nilai: Rp. 8.218.122,00
Tanggal: 2025-04-26 00:00:00 +0000 UTC
168. Jenis: mpi
Nilai: Rp. 8.602.056,00
Tanggal: 2025-04-10 00:00:00 +0000 UTC
169. Jenis: MPI
Nilai: Rp. 764.568,00
Tanggal: 2025-05-13 00:00:00 +0000 UTC
170. Jenis: MPI
Nilai: Rp. 1.851.480,00
Tanggal: 2025-04-28 00:00:00 +0000 UTC
171. Jenis: Gibsha
Nilai: Rp. 1.375.000,00
Tanggal: 2025-05-22 00:00:00 +0000 UTC
172. Jenis: MMP
Nilai: Rp. 7.248.300,00
Tanggal: 2025-04-24 00:00:00 +0000 UTC
173. Jenis: Gibsha
Nilai: Rp. 670.000,00
Tanggal: 2025-05-06 00:00:00 +0000 UTC
174. Jenis: Transmedic
Nilai: Rp. 12.813.919,00
Tanggal: 2025-04-21 00:00:00 +0000 UTC
175. Jenis: Transmedic
Nilai: Rp. 12.813.918,00
Tanggal: 2025-03-25 00:00:00 +0000 UTC
176. Jenis: Avia Dinamika
Nilai: Rp. 77.322.552,00
Tanggal: 2025-03-24 00:00:00 +0000 UTC
177. Jenis: Bukti Pembelian
Nilai: Rp. 2.219.903,00
Tanggal: 2025-04-28 00:00:00 +0000 UTC
178. Jenis: MBS
Nilai: Rp. 3.736.260,00
Tanggal: 2025-04-14 00:00:00 +0000 UTC
179. Jenis: wijaya
Nilai: Rp. 19.800.180,00
Tanggal: 2025-02-15 00:00:00 +0000 UTC
180. Jenis: wijaya
Nilai: Rp. 30.196.440,00
Tanggal: 2025-05-26 00:00:00 +0000 UTC
181. Jenis: APL
Nilai: Rp. 14.016.256,00
Tanggal: 2025-04-22 00:00:00 +0000 UTC
182. Jenis: endo
Nilai: Rp. 5.135.004,00
Tanggal: 2025-01-06 00:00:00 +0000 UTC
183. Jenis: wijaya
Nilai: Rp. 19.800.180,00
Tanggal: 2025-01-18 00:00:00 +0000 UTC
184. Jenis: Avia Dinamika
Nilai: Rp. 89.510.798,00
Tanggal: 2025-04-25 00:00:00 +0000 UTC
185. Jenis: AAM
Nilai: Rp. 9.092.793,00
Tanggal: 2025-06-10 00:00:00 +0000 UTC
186. Jenis: PPG
Nilai: Rp. 24.348.611,00
Tanggal: 2025-06-26 00:00:00 +0000 UTC
187. Jenis: Dwiasri Graha
Nilai: Rp. 1.341.100,00
Tanggal: 2025-07-23 00:00:00 +0000 UTC
188. Jenis: Mulawarman
Nilai: Rp. 1.098.600,00
Tanggal: 2025-06-09 00:00:00 +0000 UTC
189. Jenis: PPG
Nilai: Rp. 14.688.781,00
Tanggal: 2025-04-22 00:00:00 +0000 UTC
190. Jenis: Brataco
Nilai: Rp. 3.745.000,00
Tanggal: 2025-04-04 00:00:00 +0000 UTC
191. Jenis: Hanif Putra
Nilai: Rp. 31.863.721,00
Tanggal: 2025-04-29 00:00:00 +0000 UTC
192. Jenis: Sinar roda
Nilai: Rp. 584.748.000,00
Tanggal: 2025-06-08 00:00:00 +0000 UTC
193. Jenis: DMA
Nilai: Rp. 3.699.763,00
Tanggal: 2025-06-12 00:00:00 +0000 UTC
194. Jenis: Cahaya medika
Nilai: Rp. 598.500,00
Tanggal: 2025-03-14 00:00:00 +0000 UTC
195. Jenis: Cahaya medika
Nilai: Rp. 399.000,00
Tanggal: 2025-05-15 00:00:00 +0000 UTC
196. Jenis: DMA
Nilai: Rp. 3.699.763,00
Tanggal: 2025-05-05 00:00:00 +0000 UTC
197. Jenis: Brataco
Nilai: Rp. 1.141.000,00
Tanggal: 2025-05-22 00:00:00 +0000 UTC
198. Jenis: Brataco
Nilai: Rp. 3.125.000,00
Tanggal: 2025-06-12 00:00:00 +0000 UTC
199. Jenis: Avia
Nilai: Rp. 77.382.685,00
Tanggal: 2025-06-26 00:00:00 +0000 UTC
200. Jenis: Trisa likuid
Nilai: Rp. 571.120,00
Tanggal: 2025-06-17 00:00:00 +0000 UTC
201. Jenis: Sinar roda
Nilai: Rp. 584.748.000,00
Tanggal: 2025-07-10 00:00:00 +0000 UTC
202. Jenis: Suave
Nilai: Rp. 1.569.558,00
Tanggal: 2025-05-02 00:00:00 +0000 UTC
203. Jenis: Transmedic
Nilai: Rp. 12.813.919,00
Tanggal: 2025-05-09 00:00:00 +0000 UTC
204. Jenis: Sekar guna
Nilai: Rp. 2.930.400,00
Tanggal: 2025-05-24 00:00:00 +0000 UTC
205. Jenis: merapi
Nilai: Rp. 2.090.040,00
Tanggal: 2025-05-09 00:00:00 +0000 UTC
206. Jenis: IHS
Nilai: Rp. 6.434.205,00
Tanggal: 2025-04-25 00:00:00 +0000 UTC
207. Jenis: CSS
Nilai: Rp. 3.134.723,00
Tanggal: 2025-05-21 00:00:00 +0000 UTC
208. Jenis: enseval
Nilai: Rp. 1.909.235,00
Tanggal: 2025-04-10 00:00:00 +0000 UTC
209. Jenis: BIOTEK
Nilai: Rp. 46.740.000,00
Tanggal: 2025-05-20 00:00:00 +0000 UTC
210. Jenis: amsa
Nilai: Rp. 27.511.534,00
Tanggal: 2025-03-22 00:00:00 +0000 UTC
211. Jenis: Dwiasri Graha
Nilai: Rp. 707.500,00
Tanggal: 2025-05-28 00:00:00 +0000 UTC
212. Jenis: Inderval
Nilai: Rp. 15.242.187,00
Tanggal: 2025-05-23 00:00:00 +0000 UTC
213. Jenis: mpi
Nilai: Rp. 1.341.274,00
Tanggal: 2025-05-24 00:00:00 +0000 UTC
214. Jenis: Inderval
Nilai: Rp. 9.818.727,00
Tanggal: 2025-07-04 00:00:00 +0000 UTC
215. Jenis: Cahaya medika
Nilai: Rp. 598.500,00
Tanggal: 2025-06-12 00:00:00 +0000 UTC
216. Jenis: Enseval
Nilai: Rp. 8.270.808,00
Tanggal: 2025-06-10 00:00:00 +0000 UTC
217. Jenis: SMS
Nilai: Rp. 1.150.000,00
Tanggal: 2025-04-25 00:00:00 +0000 UTC
218. Jenis: Suave
Nilai: Rp. 1.207.350,00
Tanggal: 2025-06-16 00:00:00 +0000 UTC
219. Jenis: SMS
Nilai: Rp. 1.840.000,00
Tanggal: 2025-06-26 00:00:00 +0000 UTC
220. Jenis: KRM
Nilai: Rp. 958.300,00
Tanggal: 2025-03-15 00:00:00 +0000 UTC
221. Jenis: aam
Nilai: Rp. 903.001,00
Tanggal: 2025-03-05 00:00:00 +0000 UTC
222. Jenis: krm
Nilai: Rp. 631.300,00
Tanggal: 2025-04-11 00:00:00 +0000 UTC
223. Jenis: GAU
Nilai: Rp. 2.725.000,00
Tanggal: 2025-06-30 00:00:00 +0000 UTC
224. Jenis: GAU
Nilai: Rp. 404.856,00
Tanggal: 2025-06-30 00:00:00 +0000 UTC
225. Jenis: ihs
Nilai: Rp. 8.477.461,00
Tanggal: 2025-06-16 00:00:00 +0000 UTC
226. Jenis: BIOTEK
Nilai: Rp. 21.840.000,00
Tanggal: 2025-07-10 00:00:00 +0000 UTC
227. Jenis: BIOTEK
Nilai: Rp. 23.370.000,00
Tanggal: 2025-07-29 00:00:00 +0000 UTC
228. Jenis: Bukti Pembelian
Nilai: Rp. 97.386.391,00
Tanggal: 2025-04-29 00:00:00 +0000 UTC
229. Jenis: mbs
Nilai: Rp. 1.307.691,00
Tanggal: 2025-05-19 00:00:00 +0000 UTC
230. Jenis: dma
Nilai: Rp. 2.642.687,00
Tanggal: 2025-05-05 00:00:00 +0000 UTC
231. Jenis: mpi
Nilai: Rp. 908.182,00
Tanggal: 2025-05-24 00:00:00 +0000 UTC
232. Jenis: Bukti Pembelian
Nilai: Rp. 26.011.261,00
Tanggal: 2025-05-23 00:00:00 +0000 UTC
233. Jenis: kemilau
Nilai: Rp. 4.480.000,00
Tanggal: 2025-03-22 00:00:00 +0000 UTC
234. Jenis: Prima meditama
Nilai: Rp. 678.321,00
Tanggal: 2025-05-24 00:00:00 +0000 UTC
235. Jenis: sentra
Nilai: Rp. 211.566,00
Tanggal: 2025-05-24 00:00:00 +0000 UTC
236. Jenis: ihs
Nilai: Rp. 16.622.049,00
Tanggal: 2025-05-27 00:00:00 +0000 UTC
237. Jenis: avia
Nilai: Rp. 49.155.403,00
Tanggal: 2025-05-26 00:00:00 +0000 UTC
238. Jenis: mbs
Nilai: Rp. 6.912.081,00
Tanggal: 2025-06-07 00:00:00 +0000 UTC
239. Jenis: AAM
Nilai: Rp. 9.794.098,00
Tanggal: 2025-05-28 00:00:00 +0000 UTC
240. Jenis: petan
Nilai: Rp. 20.857.000,00
Tanggal: 2025-07-02 00:00:00 +0000 UTC
241. Jenis: mpi
Nilai: Rp. 2.293.704,00
Tanggal: 2025-07-04 00:00:00 +0000 UTC
242. Jenis: Inderval
Nilai: Rp. 20.857.000,00
Tanggal: 2025-07-02 00:00:00 +0000 UTC
243. Jenis: Gracia
Nilai: Rp. 1.296.480,00
Tanggal: 2025-07-28 00:00:00 +0000 UTC
244. Jenis: mmp
Nilai: Rp. 122.100,00
Tanggal: 2025-07-05 00:00:00 +0000 UTC
245. Jenis: Sekar guna
Nilai: Rp. 2.930.400,00
Tanggal: 2025-07-25 00:00:00 +0000 UTC
246. Jenis: MPI
Nilai: Rp. 1.472.815,00
Tanggal: 2025-07-09 00:00:00 +0000 UTC
247. Jenis: Alfa medica
Nilai: Rp. 1.330.668,00
Tanggal: 2025-07-28 00:00:00 +0000 UTC
248. Jenis: APL
Nilai: Rp. 14.546.148,00
Tanggal: 2025-05-13 00:00:00 +0000 UTC
249. Jenis: Trisa likuid
Nilai: Rp. 4.965.050,00
Tanggal: 2025-04-10 00:00:00 +0000 UTC
250. Jenis: Total Medika
Nilai: Rp. 1.850.559,00
Tanggal: 2025-05-05 00:00:00 +0000 UTC
251. Jenis: Cahaya medika
Nilai: Rp. 598.500,00
Tanggal: 2025-03-24 00:00:00 +0000 UTC
252. Jenis: Inderval
Nilai: Rp. 10.914.630,00
Tanggal: 2025-06-20 00:00:00 +0000 UTC
253. Jenis: Trisa likuid
Nilai: Rp. 1.187.500,00
Tanggal: 2025-04-29 00:00:00 +0000 UTC
254. Jenis: Trisa likuid
Nilai: Rp. 9.595.572,00
Tanggal: 2025-05-27 00:00:00 +0000 UTC
255. Jenis: Demka
Nilai: Rp. 2.855.500,00
Tanggal: 2025-06-25 00:00:00 +0000 UTC
256. Jenis: Edison
Nilai: Rp. 5.029.072,00
Tanggal: 2025-06-05 00:00:00 +0000 UTC
257. Jenis: wijaya
Nilai: Rp. 19.800.180,00
Tanggal: 2025-04-18 00:00:00 +0000 UTC
258. Jenis: Nisinko
Nilai: Rp. 1.080.118,00
Tanggal: 2025-05-09 00:00:00 +0000 UTC
259. Jenis: mmp
Nilai: Rp. 1.593.960,00
Tanggal: 2025-05-24 00:00:00 +0000 UTC
260. Jenis: Mulawarman
Nilai: Rp. 1.264.550,00
Tanggal: 2025-05-19 00:00:00 +0000 UTC
261. Jenis: mbs
Nilai: Rp. 1.307.691,00
Tanggal: 2025-06-19 00:00:00 +0000 UTC
262. Jenis: css
Nilai: Rp. 1.572.426,00
Tanggal: 2025-06-13 00:00:00 +0000 UTC
263. Jenis: Hanif Putra
Nilai: Rp. 15.664.320,00
Tanggal: 2025-05-19 00:00:00 +0000 UTC
264. Jenis: BIOTEK
Nilai: Rp. 23.370.000,00
Tanggal: 2025-06-18 00:00:00 +0000 UTC
265. Jenis: enseval
Nilai: Rp. 189.033,00
Tanggal: 2025-04-28 00:00:00 +0000 UTC
266. Jenis: mpi
Nilai: Rp. 1.403.928,00
Tanggal: 2025-06-13 00:00:00 +0000 UTC
267. Jenis: mpi
Nilai: Rp. 2.835.828,00
Tanggal: 2025-06-23 00:00:00 +0000 UTC
268. Jenis: ppg
Nilai: Rp. 27.825.666,00
Tanggal: 2025-05-28 00:00:00 +0000 UTC
269. Jenis: Indo prima
Nilai: Rp. 1.060.000,00
Tanggal: 2025-03-22 00:00:00 +0000 UTC
270. Jenis: Enseval
Nilai: Rp. 1.967.438,00
Tanggal: 2025-05-07 00:00:00 +0000 UTC
271. Jenis: samudera
Nilai: Rp. 2.000.000,00
Tanggal: 2025-06-05 00:00:00 +0000 UTC
272. Jenis: Indo prima
Nilai: Rp. 317.500,00
Tanggal: 2025-04-10 00:00:00 +0000 UTC
273. Jenis: wijaya
Nilai: Rp. 30.196.440,00
Tanggal: 2025-06-21 00:00:00 +0000 UTC
274. Jenis: Merapi
Nilai: Rp. 3.276.541,00
Tanggal: 2025-06-11 00:00:00 +0000 UTC
275. Jenis: samudera
Nilai: Rp. 2.000.000,00
Tanggal: 2025-05-06 00:00:00 +0000 UTC
276. Jenis: PPG
Nilai: Rp. 68.992.357,00
Tanggal: 2025-07-29 00:00:00 +0000 UTC
277. Jenis: cobra
Nilai: Rp. 8.845.420,00
Tanggal: 2025-06-18 00:00:00 +0000 UTC
278. Jenis: mbs
Nilai: Rp. 5.043.951,00
Tanggal: 2025-07-03 00:00:00 +0000 UTC
279. Jenis: Brataco
Nilai: Rp. 1.630.000,00
Tanggal: 2025-07-18 00:00:00 +0000 UTC
280. Jenis: Sinar roda
Nilai: Rp. 277.500,00
Tanggal: 2025-07-22 00:00:00 +0000 UTC
281. Jenis: petan
Nilai: Rp. 10.164.800,00
Tanggal: 2025-05-20 00:00:00 +0000 UTC
282. Jenis: petan
Nilai: Rp. 49.155.600,00
Tanggal: 2025-06-13 00:00:00 +0000 UTC
283. Jenis: petan
Nilai: Rp. 4.561.000,00
Tanggal: 2025-06-24 00:00:00 +0000 UTC
284. Jenis: AAM
Nilai: Rp. 1.836.999,00
Tanggal: 2025-04-28 00:00:00 +0000 UTC
285. Jenis: Surgika
Nilai: Rp. 771.001,00
Tanggal: 2025-03-25 00:00:00 +0000 UTC
286. Jenis: Trisa likuid
Nilai: Rp. 666.000,00
Tanggal: 2025-07-25 00:00:00 +0000 UTC
287. Jenis: amsa
Nilai: Rp. 98.437.444,00
Tanggal: 2025-06-30 00:00:00 +0000 UTC
288. Jenis: Surgika
Nilai: Rp. 1.694.000,00
Tanggal: 2025-06-09 00:00:00 +0000 UTC
289. Jenis: Inderval
Nilai: Rp. 6.793.755,00
Tanggal: 2025-07-30 00:00:00 +0000 UTC
290. Jenis: Sometech
Nilai: Rp. 7.770.000,00
Tanggal: 2025-02-17 00:00:00 +0000 UTC
291. Jenis: Surgika
Nilai: Rp. 544.000,00
Tanggal: 2025-04-10 00:00:00 +0000 UTC
292. Jenis: MBS
Nilai: Rp. 6.351.642,00
Tanggal: 2025-07-30 00:00:00 +0000 UTC
293. Jenis: AMSA
Nilai: Rp. 53.224.715,00
Tanggal: 2025-05-27 00:00:00 +0000 UTC
294. Jenis: wijaya
Nilai: Rp. 47.619.000,00
Tanggal: 2025-07-25 00:00:00 +0000 UTC
295. Jenis: apl
Nilai: Rp. 1.273.125,00
Tanggal: 2025-07-07 00:00:00 +0000 UTC
296. Jenis: AAM
Nilai: Rp. 1.277.000,00
Tanggal: 2025-07-04 00:00:00 +0000 UTC
297. Jenis: mentari
Nilai: Rp. 525.000,00
Tanggal: 2025-07-08 00:00:00 +0000 UTC
298. Jenis: Avia Dinamika
Nilai: Rp. 117.551.431,00
Tanggal: 2025-07-25 00:00:00 +0000 UTC
299. Jenis: SCI
Nilai: Rp. 11.766.000,00
Tanggal: 2025-07-15 00:00:00 +0000 UTC
300. Jenis: Alfa medica
Nilai: Rp. 2.160.000,00
Tanggal: 2025-08-04 00:00:00 +0000 UTC
301. Jenis: css
Nilai: Rp. 9.374.949,00
Tanggal: 2025-08-25 00:00:00 +0000 UTC
302. Jenis: biotek
Nilai: Rp. 23.370.000,00
Tanggal: 2025-08-12 00:00:00 +0000 UTC
303. Jenis: KRM
Nilai: Rp. 2.406.000,00
Tanggal: 2025-05-28 00:00:00 +0000 UTC
304. Jenis: krm
Nilai: Rp. 10.286.800,00
Tanggal: 2025-06-24 00:00:00 +0000 UTC
305. Jenis: mpi
Nilai: Rp. 1.472.815,00
Tanggal: 2025-08-05 00:00:00 +0000 UTC
306. Jenis: mpi
Nilai: Rp. 1.923.408,00
Tanggal: 2025-08-08 00:00:00 +0000 UTC
307. Jenis: Gracia
Nilai: Rp. 2.592.960,00
Tanggal: 2025-09-10 00:00:00 +0000 UTC
308. Jenis: mmp
Nilai: Rp. 1.776.000,00
Tanggal: 2025-08-20 00:00:00 +0000 UTC
309. Jenis: ihs
Nilai: Rp. 1.335.127,00
Tanggal: 2025-08-12 00:00:00 +0000 UTC
310. Jenis: MBS
Nilai: Rp. 1.607.391,00
Tanggal: 2025-08-11 00:00:00 +0000 UTC
311. Jenis: petan
Nilai: Rp. 5.799.000,00
Tanggal: 2025-08-12 00:00:00 +0000 UTC
312. Jenis: petan
Nilai: Rp. 40.534.000,00
Tanggal: 2025-07-18 00:00:00 +0000 UTC
313. Jenis: Inderval
Nilai: Rp. 16.680.303,00
Tanggal: 2025-09-19 00:00:00 +0000 UTC
314. Jenis: daya hidup
Nilai: Rp. 155.067,00
Tanggal: 2025-09-08 00:00:00 +0000 UTC
315. Jenis: Dwiasri Graha
Nilai: Rp. 2.855.500,00
Tanggal: 2025-09-17 00:00:00 +0000 UTC
316. Jenis: medika
Nilai: Rp. 3.014.200,00
Tanggal: 2025-08-21 00:00:00 +0000 UTC
317. Jenis: KRM
Nilai: Rp. 832.500,00
Tanggal: 2025-07-15 00:00:00 +0000 UTC
318. Jenis: cobra
Nilai: Rp. 1.259.850,00
Tanggal: 2025-09-02 00:00:00 +0000 UTC
319. Jenis: apl
Nilai: Rp. 7.301.052,00
Tanggal: 2025-08-21 00:00:00 +0000 UTC
320. Jenis: Nisinko
Nilai: Rp. 2.240.002,00
Tanggal: 2025-09-18 00:00:00 +0000 UTC
321. Jenis: PPG
Nilai: Rp. 50.852.168,00
Tanggal: 2025-08-26 00:00:00 +0000 UTC
322. Jenis: Dwiasri Graha
Nilai: Rp. 571.000,00
Tanggal: 2025-08-27 00:00:00 +0000 UTC
323. Jenis: mcm
Nilai: Rp. 4.256.783,00
Tanggal: 2025-08-21 00:00:00 +0000 UTC
324. Jenis: kemilau
Nilai: Rp. 3.584.000,00
Tanggal: 2025-11-08 00:00:00 +0000 UTC
325. Jenis: wijaya
Nilai: Rp. 55.473.360,00
Tanggal: 2025-08-30 00:00:00 +0000 UTC
326. Jenis: PPG
Nilai: Rp. 13.883.235,00
Tanggal: 2025-09-12 00:00:00 +0000 UTC
327. Jenis: IHS
Nilai: Rp. 3.039.946,00
Tanggal: 2025-10-07 00:00:00 +0000 UTC
328. Jenis: Transmedic
Nilai: Rp. 22.755.000,00
Tanggal: 2025-08-28 00:00:00 +0000 UTC
329. Jenis: APL
Nilai: Rp. 3.055.107,00
Tanggal: 2025-09-15 00:00:00 +0000 UTC
330. Jenis: Brataco
Nilai: Rp. 1.265.000,00
Tanggal: 2025-09-10 00:00:00 +0000 UTC
331. Jenis: ihs
Nilai: Rp. 1.223.944,00
Tanggal: 2025-09-15 00:00:00 +0000 UTC
332. Jenis: AAM
Nilai: Rp. 2.978.297,00
Tanggal: 2025-09-26 00:00:00 +0000 UTC
333. Jenis: medika
Nilai: Rp. 1.803.750,00
Tanggal: 2025-10-21 00:00:00 +0000 UTC
334. Jenis: Brataco
Nilai: Rp. 935.000,00
Tanggal: 2025-09-08 00:00:00 +0000 UTC
335. Jenis: petan
Nilai: Rp. 20.857.000,00
Tanggal: 2025-09-04 00:00:00 +0000 UTC
336. Jenis: KRM
Nilai: Rp. 943.500,00
Tanggal: 2025-09-04 00:00:00 +0000 UTC
337. Jenis: petan
Nilai: Rp. 23.591.800,00
Tanggal: 2025-08-29 00:00:00 +0000 UTC
338. Jenis: Sinar Roda
Nilai: Rp. 584.748.000,00
Tanggal: 2025-10-22 00:00:00 +0000 UTC
339. Jenis: Edison
Nilai: Rp. 2.514.536,00
Tanggal: 2025-07-31 00:00:00 +0000 UTC
340. Jenis: mentari
Nilai: Rp. 350.000,00
Tanggal: 2025-08-21 00:00:00 +0000 UTC
341. Jenis: demka
Nilai: Rp. 5.711.000,00
Tanggal: 2025-10-13 00:00:00 +0000 UTC
342. Jenis: Gibsha
Nilai: Rp. 445.000,00
Tanggal: 2025-10-27 00:00:00 +0000 UTC
343. Jenis: petan
Nilai: Rp. 24.771.800,00
Tanggal: 2025-09-29 00:00:00 +0000 UTC
344. Jenis: kemilau
Nilai: Rp. 3.584.000,00
Tanggal: 2025-09-28 00:00:00 +0000 UTC
345. Jenis: mentari
Nilai: Rp. 278.000,00
Tanggal: 2025-11-10 00:00:00 +0000 UTC
346. Jenis: kemilau
Nilai: Rp. 4.480.000,00
Tanggal: 2025-07-26 00:00:00 +0000 UTC
347. Jenis: mbs
Nilai: Rp. 5.043.951,00
Tanggal: 2025-10-02 00:00:00 +0000 UTC
348. Jenis: Inderval
Nilai: Rp. 19.336.644,00
Tanggal: 2025-10-30 00:00:00 +0000 UTC
349. Jenis: mbs
Nilai: Rp. 15.879.105,00
Tanggal: 2025-10-29 00:00:00 +0000 UTC
350. Jenis: mpi
Nilai: Rp. 1.851.480,00
Tanggal: 2025-10-17 00:00:00 +0000 UTC
351. Jenis: mpi
Nilai: Rp. 46.428.741,00
Tanggal: 2025-10-27 00:00:00 +0000 UTC
352. Jenis: biotek
Nilai: Rp. 46.740.000,00
Tanggal: 2025-10-04 00:00:00 +0000 UTC
353. Jenis: BIOTEK
Nilai: Rp. 23.370.000,00
Tanggal: 2025-10-21 00:00:00 +0000 UTC
354. Jenis: Brataco
Nilai: Rp. 9.905.000,00
Tanggal: 2025-10-16 00:00:00 +0000 UTC
355. Jenis: mmp
Nilai: Rp. 2.664.000,00
Tanggal: 2025-10-06 00:00:00 +0000 UTC
356. Jenis: Enseval
Nilai: Rp. 7.239.999,00
Tanggal: 2025-10-09 00:00:00 +0000 UTC
357. Jenis: ENSEVAL
Nilai: Rp. 6.182.062,00
Tanggal: 2025-10-27 00:00:00 +0000 UTC
358. Jenis: Suave
Nilai: Rp. 4.568.371,00
Tanggal: 2025-10-17 00:00:00 +0000 UTC
359. Jenis: SCI
Nilai: Rp. 13.209.000,00
Tanggal: 2025-11-10 00:00:00 +0000 UTC
360. Jenis: Enseval
Nilai: Rp. 15.906.192,00
Tanggal: 2025-10-18 00:00:00 +0000 UTC
361. Jenis: MCM
Nilai: Rp. 4.080.027,00
Tanggal: 2025-11-18 00:00:00 +0000 UTC
362. Jenis: Inderval
Nilai: Rp. 28.851.786,00
Tanggal: 2025-11-15 00:00:00 +0000 UTC
363. Jenis: AMSA
Nilai: Rp. 54.502.143,00
Tanggal: 2025-09-29 00:00:00 +0000 UTC
364. Jenis: Mulawarman
Nilai: Rp. 141.525,00
Tanggal: 2025-10-17 00:00:00 +0000 UTC
365. Jenis: mentari
Nilai: Rp. 435.000,00
Tanggal: 2025-11-15 00:00:00 +0000 UTC
366. Jenis: Alfa medica
Nilai: Rp. 931.468,00
Tanggal: 2025-10-16 00:00:00 +0000 UTC
367. Jenis: AMSA
Nilai: Rp. 85.490.574,00
Tanggal: 2025-08-27 00:00:00 +0000 UTC
368. Jenis: Sinar roda
Nilai: Rp. 584.748.000,00
Tanggal: 2025-09-19 00:00:00 +0000 UTC
369. Jenis: AMSA
Nilai: Rp. 67.165.954,00
Tanggal: 2025-07-29 00:00:00 +0000 UTC
370. Jenis: MPI
Nilai: Rp. 1.046.468,00
Tanggal: 2025-09-13 00:00:00 +0000 UTC
371. Jenis: trisa
Nilai: Rp. 1.896.850,00
Tanggal: 2025-08-12 00:00:00 +0000 UTC
372. Jenis: Enseval
Nilai: Rp. 423.243,00
Tanggal: 2025-08-08 00:00:00 +0000 UTC
373. Jenis: mbs
Nilai: Rp. 5.043.951,00
Tanggal: 2025-09-12 00:00:00 +0000 UTC
374. Jenis: mbs
Nilai: Rp. 781.204,00
Tanggal: 2025-09-08 00:00:00 +0000 UTC
375. Jenis: Cahaya medika
Nilai: Rp. 399.000,00
Tanggal: 2025-09-11 00:00:00 +0000 UTC
376. Jenis: Trisa likuid
Nilai: Rp. 1.022.250,00
Tanggal: 2025-08-19 00:00:00 +0000 UTC
377. Jenis: Suave
Nilai: Rp. 724.412,00
Tanggal: 2025-09-22 00:00:00 +0000 UTC
378. Jenis: Mulawarman
Nilai: Rp. 579.100,00
Tanggal: 2025-08-19 00:00:00 +0000 UTC
379. Jenis: Cahaya medika
Nilai: Rp. 598.500,00
Tanggal: 2025-07-30 00:00:00 +0000 UTC
380. Jenis: medika
Nilai: Rp. 855.000,00
Tanggal: 2025-09-12 00:00:00 +0000 UTC
381. Jenis: Dwiasri Graha
Nilai: Rp. 1.637.780,00
Tanggal: 2025-09-29 00:00:00 +0000 UTC
382. Jenis: Edison
Nilai: Rp. 5.029.072,00
Tanggal: 2025-08-05 00:00:00 +0000 UTC
383. Jenis: Sungadiman
Nilai: Rp. 1.840.000,00
Tanggal: 2025-10-03 00:00:00 +0000 UTC
384. Jenis: Avia Dinamika
Nilai: Rp. 77.476.395,00
Tanggal: 2025-09-26 00:00:00 +0000 UTC
385. Jenis: indoprima
Nilai: Rp. 937.500,00
Tanggal: 2025-08-08 00:00:00 +0000 UTC
386. Jenis: Edison
Nilai: Rp. 3.017.443,00
Tanggal: 2025-07-28 00:00:00 +0000 UTC
387. Jenis: Inderval
Nilai: Rp. 9.886.881,00
Tanggal: 2025-10-03 00:00:00 +0000 UTC
388. Jenis: Aulia Ulu
Nilai: Rp. 275.000,00
Tanggal: 2025-08-11 00:00:00 +0000 UTC
389. Jenis: Indo prima
Nilai: Rp. 768.750,00
Tanggal: 2025-09-06 00:00:00 +0000 UTC
390. Jenis: Mulawarman
Nilai: Rp. 403.050,00
Tanggal: 2025-09-16 00:00:00 +0000 UTC
391. Jenis: Aza Soba
Nilai: Rp. 3.740.000,00
Tanggal: 2025-08-10 00:00:00 +0000 UTC
392. Jenis: Avia Dinamika
Nilai: Rp. 77.137.414,00
Tanggal: 2025-08-25 00:00:00 +0000 UTC
393. Jenis: Brataco
Nilai: Rp. 5.410.000,00
Tanggal: 2025-08-14 00:00:00 +0000 UTC
394. Jenis: mbs
Nilai: Rp. 406.193,00
Tanggal: 2025-09-24 00:00:00 +0000 UTC
395. Jenis: Avia
Nilai: Rp. 43.734.558,00
Tanggal: 2025-10-27 00:00:00 +0000 UTC
396. Jenis: Transmedic
Nilai: Rp. 18.315.000,00
Tanggal: 2025-09-19 00:00:00 +0000 UTC
397. Jenis: Sungadiman
Nilai: Rp. 1.380.000,00
Tanggal: 2025-11-25 00:00:00 +0000 UTC
398. Jenis: AMSA
Nilai: Rp. 58.246.942,00
Tanggal: 2025-10-29 00:00:00 +0000 UTC
399. Jenis: Trisa likuid
Nilai: Rp. 10.352.560,00
Tanggal: 2025-11-08 00:00:00 +0000 UTC
400. Jenis: Dwiasri Graha
Nilai: Rp. 2.856.504,00
Tanggal: 2025-11-05 00:00:00 +0000 UTC",https://spse.inaproc.id/wonogirikab/pencatatan/pengumumannonspk?id=10193768000
pencatatan,10198506000,Belanja Obat-Obatan-Obat (PL) Operasional Pelayanan Rumah Sakit RSUD dr.Soediran Mangun Sumarso Kab. Wonogiri,23 Januari 2025,Kab. Wonogiri,RSUD SOEDIRAN MANGUN SUMARSO,Pengadaan Barang,Pengadaan Langsung,BLUD 2025,10000000000,Tidak ada,https://spse.inaproc.id/wonogirikab/pencatatan/pengumumannonspk?id=10198506000
pencatatan,10188986000,Belanja Bimbingan Teknis Operasional Pelayanan Rumah Sakit RSUD dr.Soediran Mangun Sumarso Kab. Wonogiri,21 Januari 2025,Kab. Wonogiri,RSUD SOEDIRAN MANGUN SUMARSO,Jasa Lainnya,Pengadaan Langsung,BLUD 2025,500000000,"1. Jenis: IHT 11.000.000
Nilai: Rp. 11.000.000,00
Tanggal: 2025-10-14 00:00:00 +0000 UTC
2. Jenis: PICU NICU 15.000.000
Nilai: Rp. 15.000.000,00
Tanggal: 2025-11-17 00:00:00 +0000 UTC
3. Jenis: Transformasi bisnis RS 5.450.000
Nilai: Rp. 5.450.000,00
Tanggal: 2025-08-30 00:00:00 +0000 UTC
4. Jenis: TB DOTS
Nilai: Rp. 7.150.000,00
Tanggal: 2025-04-25 00:00:00 +0000 UTC
5. Jenis: Bedah toraks
Nilai: Rp. 2.550.000,00
Tanggal: 2025-05-05 00:00:00 +0000 UTC
6. Jenis: Bukti Pembelian
Nilai: Rp. 10.760.000,00
Tanggal: 2025-01-12 00:00:00 +0000 UTC
7. Jenis: 2. Remunerasi dokter 2.820.000
Nilai: Rp. 2.820.000,00
Tanggal: 2025-01-19 00:00:00 +0000 UTC
8. Jenis: 3. TKRS 200.000
Nilai: Rp. 200.000,00
Tanggal: 2025-01-17 00:00:00 +0000 UTC
9. Jenis: 4. ARSADA 23.786.000
Nilai: Rp. 23.786.000,00
Tanggal: 2025-02-18 00:00:00 +0000 UTC
10. Jenis: 5. Perawat Dialisa 2.311.500
Nilai: Rp. 2.311.500,00
Tanggal: 2025-02-02 00:00:00 +0000 UTC
11. Jenis: Aplikasi Srikandi 1.200.000
Nilai: Rp. 1.200.000,00
Tanggal: 2025-02-27 00:00:00 +0000 UTC
12. Jenis: care ke Cash
Nilai: Rp. 600.003,00
Tanggal: 2025-03-01 00:00:00 +0000 UTC
13. Jenis: PERSI Cabang Bali
Nilai: Rp. 6.200.000,00
Tanggal: 2025-03-08 00:00:00 +0000 UTC
14. Jenis: ICV
Nilai: Rp. 6.000.000,00
Tanggal: 2025-04-12 00:00:00 +0000 UTC
15. Jenis: Tata Kelola Bangunan
Nilai: Rp. 300.000,00
Tanggal: 2025-03-13 00:00:00 +0000 UTC
16. Jenis: PKID
Nilai: Rp. 9.000.000,00
Tanggal: 2025-04-25 00:00:00 +0000 UTC
17. Jenis: Neurointervensi 5.860.000
Nilai: Rp. 5.860.000,00
Tanggal: 2025-05-10 00:00:00 +0000 UTC
18. Jenis: Hemodialisa 19.530.000
Nilai: Rp. 19.530.000,00
Tanggal: 2025-05-07 00:00:00 +0000 UTC
19. Jenis: PIT XVII 4.000.000
Nilai: Rp. 4.000.000,00
Tanggal: 2025-07-26 00:00:00 +0000 UTC
20. Jenis: PITO 4.000.000
Nilai: Rp. 4.000.000,00
Tanggal: 2025-07-26 00:00:00 +0000 UTC
21. Jenis: rekut BLUD
Nilai: Rp. 12.828.397,00
Tanggal: 2025-06-14 00:00:00 +0000 UTC
22. Jenis: Komite medis 4.500.000
Nilai: Rp. 4.500.000,00
Tanggal: 2025-07-31 00:00:00 +0000 UTC
23. Jenis: BNLS 5.350.000
Nilai: Rp. 5.350.000,00
Tanggal: 2025-06-20 00:00:00 +0000 UTC
24. Jenis: Radiasi 2.000.000
Nilai: Rp. 2.000.000,00
Tanggal: 2025-06-15 00:00:00 +0000 UTC
25. Jenis: PIC JKN 9.260.000
Nilai: Rp. 9.260.000,00
Tanggal: 2025-08-10 00:00:00 +0000 UTC
26. Jenis: Hybrid 1.000.000
Nilai: Rp. 1.000.000,00
Tanggal: 2025-06-28 00:00:00 +0000 UTC
27. Jenis: Dialisis 15.100.000
Nilai: Rp. 15.100.000,00
Tanggal: 2025-06-30 00:00:00 +0000 UTC
28. Jenis: Pelatihan Limbah
Nilai: Rp. 4.500.000,00
Tanggal: 2025-06-22 00:00:00 +0000 UTC
29. Jenis: Kardiovaskular 1
Nilai: Rp. 20.000.000,00
Tanggal: 2025-07-14 00:00:00 +0000 UTC
30. Jenis: Kardiovaskular 2
Nilai: Rp. 20.000.000,00
Tanggal: 2025-07-14 00:00:00 +0000 UTC
31. Jenis: Pediatric Cardiology 5.750.000
Nilai: Rp. 5.750.000,00
Tanggal: 2025-08-16 00:00:00 +0000 UTC
32. Jenis: IJT 17.500.000
Nilai: Rp. 17.500.000,00
Tanggal: 2025-07-21 00:00:00 +0000 UTC
33. Jenis: Neonatology 5.990.000
Nilai: Rp. 5.990.000,00
Tanggal: 2025-07-12 00:00:00 +0000 UTC
34. Jenis: Neurointervensi 16.510.000
Nilai: Rp. 16.510.000,00
Tanggal: 2025-08-22 00:00:00 +0000 UTC
35. Jenis: ATLS 6.520.000
Nilai: Rp. 6.520.000,00
Tanggal: 2025-07-20 00:00:00 +0000 UTC
36. Jenis: Tenars 24.124.000
Nilai: Rp. 24.124.000,00
Tanggal: 2025-08-23 00:00:00 +0000 UTC
37. Jenis: ACLS 5.380.000
Nilai: Rp. 5.380.000,00
Tanggal: 2025-07-13 00:00:00 +0000 UTC
38. Jenis: PPGDON 6.040.000
Nilai: Rp. 6.040.000,00
Tanggal: 2025-07-27 00:00:00 +0000 UTC
39. Jenis: Bronkoskopi 7.500.000
Nilai: Rp. 7.500.000,00
Tanggal: 2025-09-01 00:00:00 +0000 UTC
40. Jenis: PMKP 100.000
Nilai: Rp. 100.000,00
Tanggal: 2025-09-10 00:00:00 +0000 UTC
41. Jenis: Asuhan pelayanan efektif 100.000
Nilai: Rp. 100.000,00
Tanggal: 2025-09-16 00:00:00 +0000 UTC
42. Jenis: ACLS IGD 10.760.000
Nilai: Rp. 10.760.000,00
Tanggal: 2025-09-28 00:00:00 +0000 UTC
43. Jenis: Kredensial Nakes 6.115.000
Nilai: Rp. 6.115.000,00
Tanggal: 2025-10-04 00:00:00 +0000 UTC
44. Jenis: ACLS IGD 23 Nov
Nilai: Rp. 10.760.000,00
Tanggal: 2025-11-23 00:00:00 +0000 UTC
45. Jenis: Optimalisasi AI 19 nov
Nilai: Rp. 4.880.000,00
Tanggal: 2025-11-19 00:00:00 +0000 UTC
46. Jenis: Radiology 19 okt 4.000.000
Nilai: Rp. 4.000.000,00
Tanggal: 2025-10-19 00:00:00 +0000 UTC
47. Jenis: IJT Radiografer 16.790.000
Nilai: Rp. 16.790.000,00
Tanggal: 2025-10-31 00:00:00 +0000 UTC
48. Jenis: Patologi Anatomi 16.300.000
Nilai: Rp. 16.300.000,00
Tanggal: 2025-10-14 00:00:00 +0000 UTC
49. Jenis: IOMB Congress 4.820.000
Nilai: Rp. 4.820.000,00
Tanggal: 2025-10-25 00:00:00 +0000 UTC
50. Jenis: Mediator Kesehatan 10.073.908
Nilai: Rp. 10.073.908,00
Tanggal: 2025-11-22 00:00:00 +0000 UTC
51. Jenis: Laparoscopy 18 agust
Nilai: Rp. 13.820.000,00
Tanggal: 2025-08-18 00:00:00 +0000 UTC
52. Jenis: Emergency Nursing 14 nov 1.880.000
Nilai: Rp. 1.880.000,00
Tanggal: 2025-11-14 00:00:00 +0000 UTC
53. Jenis: DHP 300.000
Nilai: Rp. 300.000,00
Tanggal: 2025-10-23 00:00:00 +0000 UTC
54. Jenis: Kardiovaskular 39.300.000
Nilai: Rp. 39.300.000,00
Tanggal: 2025-10-17 00:00:00 +0000 UTC
55. Jenis: Bronkoskopi 6.820.000
Nilai: Rp. 6.820.000,00
Tanggal: 2025-10-30 00:00:00 +0000 UTC
56. Jenis: Elektromedis 31 okt 10.994.000
Nilai: Rp. 10.994.000,00
Tanggal: 2025-10-31 00:00:00 +0000 UTC
57. Jenis: PICU NICU 17 nov 9.662.000
Nilai: Rp. 9.662.000,00
Tanggal: 2025-11-14 00:00:00 +0000 UTC
58. Jenis: PAB KE 21 nov 300.000
Nilai: Rp. 300.000,00
Tanggal: 2025-11-21 00:00:00 +0000 UTC
59. Jenis: Starkes 200.000 10des
Nilai: Rp. 200.000,00
Tanggal: 2025-12-10 00:00:00 +0000 UTC
60. Jenis: Orthopedi 31 des
Nilai: Rp. 3.315.000,00
Tanggal: 2025-12-31 00:00:00 +0000 UTC",https://spse.inaproc.id/wonogirikab/pencatatan/pengumumannonspk?id=10188986000
pencatatan,10205237000,Belanja Tagihan Telepon Operasional Pelayanan Rumah Sakit RSUD dr.Soediran Mangun Sumarso Kab. Wonogiri,24 Januari 2025,Kab. Wonogiri,RSUD SOEDIRAN MANGUN SUMARSO,Jasa Lainnya,Pengecualian,BLUD 2025,84000000,"1. Jenis: 2. Indosat 315.000
Nilai: Rp. 315.000,00
Tanggal: 2025-01-17 00:00:00 +0000 UTC
2. Jenis: 1. Telkom 2.716.282
Nilai: Rp. 2.716.282,00
Tanggal: 2025-01-17 00:00:00 +0000 UTC",https://spse.inaproc.id/wonogirikab/pencatatan/pengumumannonspk?id=10205237000
pencatatan,10199200000,Belanja Obat-Obatan-Obat (PL) Operasional Pelayanan Rumah Sakit RSUD dr.Soediran Mangun Sumarso Kab. Wonogiri,23 Januari 2025,Kab. Wonogiri,RSUD SOEDIRAN MANGUN SUMARSO,Pengadaan Barang,Pengadaan Langsung,BLUD 2025,16000000000,"1. Jenis: Kebayoran
Nilai: Rp. 5.689.120,00
Tanggal: 2025-05-28 00:00:00 +0000 UTC
2. Jenis: sampharindo
Nilai: Rp. 1.859.106,00
Tanggal: 2025-07-07 00:00:00 +0000 UTC
3. Jenis: Kebayoran
Nilai: Rp. 4.111.647,00
Tanggal: 2025-07-09 00:00:00 +0000 UTC
4. Jenis: tri sapta
Nilai: Rp. 999.000,00
Tanggal: 2025-07-28 00:00:00 +0000 UTC
5. Jenis: Kebayoran
Nilai: Rp. 7.152.126,00
Tanggal: 2025-06-28 00:00:00 +0000 UTC
6. Jenis: sampharindo
Nilai: Rp. 1.935.918,00
Tanggal: 2025-07-01 00:00:00 +0000 UTC
7. Jenis: DBM
Nilai: Rp. 6.784.320,00
Tanggal: 2025-08-05 00:00:00 +0000 UTC
8. Jenis: tri sapta
Nilai: Rp. 3.499.275,00
Tanggal: 2025-07-29 00:00:00 +0000 UTC
9. Jenis: Nayara
Nilai: Rp. 2.193.040,00
Tanggal: 2025-08-06 00:00:00 +0000 UTC
10. Jenis: bsp
Nilai: Rp. 30.197.382,00
Tanggal: 2025-07-29 00:00:00 +0000 UTC
11. Jenis: ENSEVAL
Nilai: Rp. 138.932.012,00
Tanggal: 2025-07-28 00:00:00 +0000 UTC
12. Jenis: KIMIA
Nilai: Rp. 32.512.345,00
Tanggal: 2025-07-26 00:00:00 +0000 UTC
13. Jenis: APL
Nilai: Rp. 744.144,00
Tanggal: 2025-05-23 00:00:00 +0000 UTC
14. Jenis: Merapi
Nilai: Rp. 174.640.286,00
Tanggal: 2025-03-25 00:00:00 +0000 UTC
15. Jenis: sampharindo
Nilai: Rp. 851.648,00
Tanggal: 2025-04-08 00:00:00 +0000 UTC
16. Jenis: sampharindo
Nilai: Rp. 11.301.918,00
Tanggal: 2025-04-11 00:00:00 +0000 UTC
17. Jenis: ENSEVAL
Nilai: Rp. 1.800.000,00
Tanggal: 2025-03-08 00:00:00 +0000 UTC
18. Jenis: mpi
Nilai: Rp. 822.510,00
Tanggal: 2025-04-15 00:00:00 +0000 UTC
19. Jenis: ENSEVAL
Nilai: Rp. 1.710.868,00
Tanggal: 2025-03-26 00:00:00 +0000 UTC
20. Jenis: dbm
Nilai: Rp. 6.784.320,00
Tanggal: 2025-04-24 00:00:00 +0000 UTC
21. Jenis: Dicocitas
Nilai: Rp. 3.746.250,00
Tanggal: 2025-04-28 00:00:00 +0000 UTC
22. Jenis: GAU
Nilai: Rp. 1.054.688,00
Tanggal: 2025-03-31 00:00:00 +0000 UTC
23. Jenis: enseval
Nilai: Rp. 1.831.672,00
Tanggal: 2025-03-11 00:00:00 +0000 UTC
24. Jenis: Enseval
Nilai: Rp. 997.335,00
Tanggal: 2025-02-25 00:00:00 +0000 UTC
25. Jenis: ENSEVAL
Nilai: Rp. 1.502.523,00
Tanggal: 2025-02-26 00:00:00 +0000 UTC
26. Jenis: Enseval
Nilai: Rp. 1.927.132,00
Tanggal: 2025-03-21 00:00:00 +0000 UTC
27. Jenis: Lawsim
Nilai: Rp. 394.005,00
Tanggal: 2025-02-07 00:00:00 +0000 UTC
28. Jenis: ENSEVAL
Nilai: Rp. 1.973.025,00
Tanggal: 2025-03-19 00:00:00 +0000 UTC
29. Jenis: Tiara
Nilai: Rp. 1.498.500,00
Tanggal: 2025-02-21 00:00:00 +0000 UTC
30. Jenis: AAM
Nilai: Rp. 193.853.003,00
Tanggal: 2025-04-17 00:00:00 +0000 UTC
31. Jenis: APL
Nilai: Rp. 159.085.793,00
Tanggal: 2025-03-25 00:00:00 +0000 UTC
32. Jenis: AAM
Nilai: Rp. 95.029.689,00
Tanggal: 2025-03-25 00:00:00 +0000 UTC
33. Jenis: mbs
Nilai: Rp. 2.109.000,00
Tanggal: 2025-04-17 00:00:00 +0000 UTC
34. Jenis: MERAPI
Nilai: Rp. 176.812.236,00
Tanggal: 2025-04-24 00:00:00 +0000 UTC
35. Jenis: mbs
Nilai: Rp. 34.220.150,00
Tanggal: 2025-04-25 00:00:00 +0000 UTC
36. Jenis: bsp
Nilai: Rp. 39.959.777,00
Tanggal: 2025-04-23 00:00:00 +0000 UTC
37. Jenis: AMS
Nilai: Rp. 55.035.721,00
Tanggal: 2025-04-29 00:00:00 +0000 UTC
38. Jenis: Enseval
Nilai: Rp. 110.190.529,00
Tanggal: 2025-03-26 00:00:00 +0000 UTC
39. Jenis: Bukti Pembelian
Nilai: Rp. 237.946,00
Tanggal: 2024-10-31 00:00:00 +0000 UTC
40. Jenis: Kuitansi
Nilai: Rp. 18.302,00
Tanggal: 2024-10-31 00:00:00 +0000 UTC
41. Jenis: Distriversa Buanamas
Nilai: Rp. 7.613.001,00
Tanggal: 2025-01-09 00:00:00 +0000 UTC
42. Jenis: MBS
Nilai: Rp. 1.962.302,00
Tanggal: 2025-01-16 00:00:00 +0000 UTC
43. Jenis: MBS
Nilai: Rp. 1.922.520,00
Tanggal: 2025-01-03 00:00:00 +0000 UTC
44. Jenis: MBS
Nilai: Rp. 974.668,00
Tanggal: 2025-01-21 00:00:00 +0000 UTC
45. Jenis: MBS
Nilai: Rp. 1.942.880,00
Tanggal: 2025-01-07 00:00:00 +0000 UTC
46. Jenis: Distriversa Buanamas
Nilai: Rp. 1.918.080,00
Tanggal: 2025-01-18 00:00:00 +0000 UTC
47. Jenis: MBS
Nilai: Rp. 1.589.520,00
Tanggal: 2025-01-20 00:00:00 +0000 UTC
48. Jenis: DBM
Nilai: Rp. 1.918.080,00
Tanggal: 2025-01-18 00:00:00 +0000 UTC
49. Jenis: MBS
Nilai: Rp. 1.489.176,00
Tanggal: 2025-01-21 00:00:00 +0000 UTC
50. Jenis: Bukti Pembelian
Nilai: Rp. 1.540.125,00
Tanggal: 2025-01-08 00:00:00 +0000 UTC
51. Jenis: Merapi
Nilai: Rp. 82.198.842,00
Tanggal: 2025-01-24 00:00:00 +0000 UTC
52. Jenis: MPI
Nilai: Rp. 2.051.280,00
Tanggal: 2025-01-09 00:00:00 +0000 UTC
53. Jenis: MPI
Nilai: Rp. 1.827.277,00
Tanggal: 2025-01-17 00:00:00 +0000 UTC
54. Jenis: Merapi
Nilai: Rp. 191.335.878,00
Tanggal: 2025-01-16 00:00:00 +0000 UTC
55. Jenis: Enseval
Nilai: Rp. 144.842.670,00
Tanggal: 2025-01-08 00:00:00 +0000 UTC
56. Jenis: Bukti Pembelian
Nilai: Rp. 154.786.399,00
Tanggal: 2025-01-23 00:00:00 +0000 UTC
57. Jenis: ppg
Nilai: Rp. 171.384.310,00
Tanggal: 2025-01-16 00:00:00 +0000 UTC
58. Jenis: Enseval
Nilai: Rp. 87.349.999,00
Tanggal: 2025-01-28 00:00:00 +0000 UTC
59. Jenis: dbm
Nilai: Rp. 7.965.360,00
Tanggal: 2025-02-03 00:00:00 +0000 UTC
60. Jenis: Bukti Pembelian
Nilai: Rp. 1.165.913,00
Tanggal: 2025-01-25 00:00:00 +0000 UTC
61. Jenis: mpi
Nilai: Rp. 2.372.625,00
Tanggal: 2025-01-23 00:00:00 +0000 UTC
62. Jenis: Enseval
Nilai: Rp. 1.752.024,00
Tanggal: 2025-01-06 00:00:00 +0000 UTC
63. Jenis: Enseval
Nilai: Rp. 853.012,00
Tanggal: 2025-01-13 00:00:00 +0000 UTC
64. Jenis: Dicocitas
Nilai: Rp. 15.739.800,00
Tanggal: 2025-01-16 00:00:00 +0000 UTC
65. Jenis: PPG
Nilai: Rp. 195.850.041,00
Tanggal: 2025-01-08 00:00:00 +0000 UTC
66. Jenis: Great Mataram
Nilai: Rp. 21.969.386,00
Tanggal: 2025-01-28 00:00:00 +0000 UTC
67. Jenis: MPI
Nilai: Rp. 156.258.529,00
Tanggal: 2025-01-17 00:00:00 +0000 UTC
68. Jenis: mpi
Nilai: Rp. 1.702.673,00
Tanggal: 2025-02-28 00:00:00 +0000 UTC
69. Jenis: mpi
Nilai: Rp. 139.015.734,00
Tanggal: 2025-02-27 00:00:00 +0000 UTC
70. Jenis: APL
Nilai: Rp. 165.066.012,00
Tanggal: 2025-01-21 00:00:00 +0000 UTC
71. Jenis: MPI
Nilai: Rp. 87.749.107,00
Tanggal: 2025-01-31 00:00:00 +0000 UTC
72. Jenis: aam
Nilai: Rp. 72.199.800,00
Tanggal: 2025-01-24 00:00:00 +0000 UTC
73. Jenis: MPI
Nilai: Rp. 1.984.125,00
Tanggal: 2025-01-04 00:00:00 +0000 UTC
74. Jenis: MPI
Nilai: Rp. 1.588.141,00
Tanggal: 2025-01-06 00:00:00 +0000 UTC
75. Jenis: MPI
Nilai: Rp. 2.331.000,00
Tanggal: 2025-01-14 00:00:00 +0000 UTC
76. Jenis: mpi
Nilai: Rp. 1.475.550,00
Tanggal: 2025-01-23 00:00:00 +0000 UTC
77. Jenis: mbs
Nilai: Rp. 48.355.775,00
Tanggal: 2025-01-20 00:00:00 +0000 UTC
78. Jenis: Penta
Nilai: Rp. 74.926.869,00
Tanggal: 2025-01-25 00:00:00 +0000 UTC
79. Jenis: AAM
Nilai: Rp. 142.398.728,00
Tanggal: 2025-01-20 00:00:00 +0000 UTC
80. Jenis: MBS
Nilai: Rp. 7.065.150,00
Tanggal: 2025-01-30 00:00:00 +0000 UTC
81. Jenis: Merapi
Nilai: Rp. 388.500,00
Tanggal: 2025-01-30 00:00:00 +0000 UTC
82. Jenis: Kimia Farma
Nilai: Rp. 57.001.096,00
Tanggal: 2025-01-31 00:00:00 +0000 UTC
83. Jenis: Brataco
Nilai: Rp. 216.000,00
Tanggal: 2025-01-23 00:00:00 +0000 UTC
84. Jenis: Sapta sari
Nilai: Rp. 652.514,00
Tanggal: 2025-01-25 00:00:00 +0000 UTC
85. Jenis: Adya Artha
Nilai: Rp. 15.309.120,00
Tanggal: 2025-02-06 00:00:00 +0000 UTC
86. Jenis: PPG
Nilai: Rp. 45.102.632,00
Tanggal: 2025-01-30 00:00:00 +0000 UTC
87. Jenis: AMS
Nilai: Rp. 39.412.530,00
Tanggal: 2025-01-21 00:00:00 +0000 UTC
88. Jenis: BSP
Nilai: Rp. 19.963.690,00
Tanggal: 2025-01-31 00:00:00 +0000 UTC
89. Jenis: Kebayoran
Nilai: Rp. 25.838.173,00
Tanggal: 2025-01-20 00:00:00 +0000 UTC
90. Jenis: PPG
Nilai: Rp. 188.369.994,00
Tanggal: 2025-01-23 00:00:00 +0000 UTC
91. Jenis: Kebayoran
Nilai: Rp. 26.711.040,00
Tanggal: 2025-01-20 00:00:00 +0000 UTC
92. Jenis: GAU
Nilai: Rp. 9.536.209,00
Tanggal: 2025-01-31 00:00:00 +0000 UTC
93. Jenis: GAU
Nilai: Rp. 2.961.065,00
Tanggal: 2025-01-31 00:00:00 +0000 UTC
94. Jenis: Sapta sari
Nilai: Rp. 13.967.797,00
Tanggal: 2025-01-04 00:00:00 +0000 UTC
95. Jenis: Dicocitas
Nilai: Rp. 3.746.250,00
Tanggal: 2025-02-07 00:00:00 +0000 UTC
96. Jenis: Asa Mulia
Nilai: Rp. 6.338.760,00
Tanggal: 2025-01-20 00:00:00 +0000 UTC
97. Jenis: DMA
Nilai: Rp. 20.472.059,00
Tanggal: 2025-01-17 00:00:00 +0000 UTC
98. Jenis: Enseval
Nilai: Rp. 176.156.589,00
Tanggal: 2025-02-03 00:00:00 +0000 UTC
99. Jenis: BSP
Nilai: Rp. 16.234.418,00
Tanggal: 2025-02-22 00:00:00 +0000 UTC
100. Jenis: Kebayoran
Nilai: Rp. 10.778.030,00
Tanggal: 2025-02-13 00:00:00 +0000 UTC
101. Jenis: MPI
Nilai: Rp. 180.123.940,00
Tanggal: 2025-02-07 00:00:00 +0000 UTC
102. Jenis: PPG
Nilai: Rp. 182.749.500,00
Tanggal: 2025-02-10 00:00:00 +0000 UTC
103. Jenis: mpi
Nilai: Rp. 1.573.425,00
Tanggal: 2025-02-14 00:00:00 +0000 UTC
104. Jenis: mpi
Nilai: Rp. 1.791.956,00
Tanggal: 2025-02-10 00:00:00 +0000 UTC
105. Jenis: mpi
Nilai: Rp. 1.831.500,00
Tanggal: 2025-02-13 00:00:00 +0000 UTC
106. Jenis: Sapta sari
Nilai: Rp. 846.286,00
Tanggal: 2025-02-11 00:00:00 +0000 UTC
107. Jenis: PPG
Nilai: Rp. 184.152.895,00
Tanggal: 2025-02-08 00:00:00 +0000 UTC
108. Jenis: MPI
Nilai: Rp. 2.097.900,00
Tanggal: 2025-02-12 00:00:00 +0000 UTC
109. Jenis: ppg
Nilai: Rp. 178.905.546,00
Tanggal: 2025-02-19 00:00:00 +0000 UTC
110. Jenis: enseval
Nilai: Rp. 1.770.394,00
Tanggal: 2025-02-10 00:00:00 +0000 UTC
111. Jenis: merapi
Nilai: Rp. 193.018.406,00
Tanggal: 2025-02-03 00:00:00 +0000 UTC
112. Jenis: apl
Nilai: Rp. 170.160.203,00
Tanggal: 2025-02-14 00:00:00 +0000 UTC
113. Jenis: Satoria
Nilai: Rp. 63.025.800,00
Tanggal: 2025-01-31 00:00:00 +0000 UTC
114. Jenis: mbs
Nilai: Rp. 1.646.884,00
Tanggal: 2025-02-12 00:00:00 +0000 UTC
115. Jenis: mbs
Nilai: Rp. 1.232.100,00
Tanggal: 2025-02-13 00:00:00 +0000 UTC
116. Jenis: AMS
Nilai: Rp. 3.951.600,00
Tanggal: 2025-02-25 00:00:00 +0000 UTC
117. Jenis: mbs
Nilai: Rp. 1.751.548,00
Tanggal: 2025-02-13 00:00:00 +0000 UTC
118. Jenis: Kebayoran
Nilai: Rp. 1.979.838,00
Tanggal: 2025-01-24 00:00:00 +0000 UTC
119. Jenis: MERAPI
Nilai: Rp. 85.996.593,00
Tanggal: 2025-02-27 00:00:00 +0000 UTC
120. Jenis: ams
Nilai: Rp. 45.910.594,00
Tanggal: 2025-02-28 00:00:00 +0000 UTC
121. Jenis: KIMIA
Nilai: Rp. 228.005,00
Tanggal: 2025-02-06 00:00:00 +0000 UTC
122. Jenis: apl
Nilai: Rp. 102.206.434,00
Tanggal: 2025-02-28 00:00:00 +0000 UTC
123. Jenis: SAPTA
Nilai: Rp. 13.409.549,00
Tanggal: 2025-02-03 00:00:00 +0000 UTC
124. Jenis: Kimia Farma
Nilai: Rp. 81.440.600,00
Tanggal: 2025-02-28 00:00:00 +0000 UTC
125. Jenis: AMP
Nilai: Rp. 8.715.000,00
Tanggal: 2025-02-06 00:00:00 +0000 UTC
126. Jenis: tri sapta
Nilai: Rp. 2.339.391,00
Tanggal: 2025-01-17 00:00:00 +0000 UTC
127. Jenis: AAM
Nilai: Rp. 172.359.875,00
Tanggal: 2025-02-08 00:00:00 +0000 UTC
128. Jenis: AAM
Nilai: Rp. 84.387.233,00
Tanggal: 2025-02-26 00:00:00 +0000 UTC
129. Jenis: MERAPI
Nilai: Rp. 5.053.373,00
Tanggal: 2025-02-27 00:00:00 +0000 UTC
130. Jenis: PENTA
Nilai: Rp. 37.578.940,00
Tanggal: 2025-02-26 00:00:00 +0000 UTC
131. Jenis: Combi
Nilai: Rp. 779.220,00
Tanggal: 2025-02-07 00:00:00 +0000 UTC
132. Jenis: Asa Mulia
Nilai: Rp. 13.061.558,00
Tanggal: 2025-02-27 00:00:00 +0000 UTC
133. Jenis: Tiara
Nilai: Rp. 3.205.125,00
Tanggal: 2025-01-04 00:00:00 +0000 UTC
134. Jenis: enseval
Nilai: Rp. 1.366.230,00
Tanggal: 2025-02-24 00:00:00 +0000 UTC
135. Jenis: Enseval
Nilai: Rp. 1.451.603,00
Tanggal: 2025-02-18 00:00:00 +0000 UTC
136. Jenis: Combi
Nilai: Rp. 11.072.250,00
Tanggal: 2025-01-13 00:00:00 +0000 UTC
137. Jenis: Great Mataram
Nilai: Rp. 19.833.673,00
Tanggal: 2025-02-24 00:00:00 +0000 UTC
138. Jenis: tIARA
Nilai: Rp. 55.050.054,00
Tanggal: 2025-01-25 00:00:00 +0000 UTC
139. Jenis: MBS
Nilai: Rp. 73.858.455,00
Tanggal: 2025-02-27 00:00:00 +0000 UTC
140. Jenis: Sapta sari
Nilai: Rp. 1.352.812,00
Tanggal: 2025-03-07 00:00:00 +0000 UTC
141. Jenis: Sapta sari
Nilai: Rp. 1.333.402,00
Tanggal: 2025-03-06 00:00:00 +0000 UTC
142. Jenis: Sapta sari
Nilai: Rp. 675.012,00
Tanggal: 2025-03-05 00:00:00 +0000 UTC
143. Jenis: AMP
Nilai: Rp. 9.684.000,00
Tanggal: 2025-03-17 00:00:00 +0000 UTC
144. Jenis: Kebayoran
Nilai: Rp. 1.774.298,00
Tanggal: 2025-02-27 00:00:00 +0000 UTC
145. Jenis: BSP
Nilai: Rp. 28.030.673,00
Tanggal: 2025-03-26 00:00:00 +0000 UTC
146. Jenis: ppg
Nilai: Rp. 138.116.458,00
Tanggal: 2025-02-27 00:00:00 +0000 UTC
147. Jenis: Enseval
Nilai: Rp. 103.096.064,00
Tanggal: 2025-02-24 00:00:00 +0000 UTC
148. Jenis: AMS
Nilai: Rp. 53.526.726,00
Tanggal: 2025-03-27 00:00:00 +0000 UTC
149. Jenis: mpi
Nilai: Rp. 1.771.560,00
Tanggal: 2025-03-05 00:00:00 +0000 UTC
150. Jenis: Tiara
Nilai: Rp. 1.422.132,00
Tanggal: 2025-01-06 00:00:00 +0000 UTC
151. Jenis: Bukti Pembelian
Nilai: Rp. 2.795.651,00
Tanggal: 2025-02-28 00:00:00 +0000 UTC
152. Jenis: MPI
Nilai: Rp. 31.635.000,00
Tanggal: 2025-03-25 00:00:00 +0000 UTC
153. Jenis: MPI
Nilai: Rp. 1.031.190,00
Tanggal: 2025-03-05 00:00:00 +0000 UTC
154. Jenis: mpi
Nilai: Rp. 1.318.125,00
Tanggal: 2025-03-05 00:00:00 +0000 UTC
155. Jenis: mpi
Nilai: Rp. 1.770.450,00
Tanggal: 2025-03-10 00:00:00 +0000 UTC
156. Jenis: mpi
Nilai: Rp. 1.741.812,00
Tanggal: 2025-03-19 00:00:00 +0000 UTC
157. Jenis: mpi
Nilai: Rp. 1.471.027,00
Tanggal: 2025-03-26 00:00:00 +0000 UTC
158. Jenis: dbm
Nilai: Rp. 6.225.768,00
Tanggal: 2025-02-22 00:00:00 +0000 UTC
159. Jenis: MPI
Nilai: Rp. 1.318.125,00
Tanggal: 2025-03-07 00:00:00 +0000 UTC
160. Jenis: mpi
Nilai: Rp. 2.214.450,00
Tanggal: 2025-03-05 00:00:00 +0000 UTC
161. Jenis: Distriversa Buanamas
Nilai: Rp. 10.478.400,00
Tanggal: 2025-03-12 00:00:00 +0000 UTC
162. Jenis: Tiara
Nilai: Rp. 805.115,00
Tanggal: 2025-01-10 00:00:00 +0000 UTC
163. Jenis: Tiara
Nilai: Rp. 1.454.100,00
Tanggal: 2025-01-20 00:00:00 +0000 UTC
164. Jenis: Tiara
Nilai: Rp. 1.223.664,00
Tanggal: 2025-01-24 00:00:00 +0000 UTC
165. Jenis: Satoria
Nilai: Rp. 835.053,00
Tanggal: 2025-04-09 00:00:00 +0000 UTC
166. Jenis: mbs
Nilai: Rp. 1.897.545,00
Tanggal: 2025-03-03 00:00:00 +0000 UTC
167. Jenis: mbs
Nilai: Rp. 49.233.516,00
Tanggal: 2025-03-19 00:00:00 +0000 UTC
168. Jenis: mbs
Nilai: Rp. 1.693.427,00
Tanggal: 2025-03-12 00:00:00 +0000 UTC
169. Jenis: Great Mataram
Nilai: Rp. 4.283.087,00
Tanggal: 2025-03-26 00:00:00 +0000 UTC
170. Jenis: mbs
Nilai: Rp. 2.216.115,00
Tanggal: 2025-03-26 00:00:00 +0000 UTC
171. Jenis: mbs
Nilai: Rp. 353.424,00
Tanggal: 2025-03-19 00:00:00 +0000 UTC
172. Jenis: Kebayoran
Nilai: Rp. 9.480.062,00
Tanggal: 2025-03-14 00:00:00 +0000 UTC
173. Jenis: DBM
Nilai: Rp. 1.513.152,00
Tanggal: 2025-03-18 00:00:00 +0000 UTC
174. Jenis: Adya Artha
Nilai: Rp. 479.964,00
Tanggal: 2025-04-10 00:00:00 +0000 UTC
175. Jenis: MPI
Nilai: Rp. 184.750.481,00
Tanggal: 2025-03-18 00:00:00 +0000 UTC
176. Jenis: Kimia Farma
Nilai: Rp. 2.207.020,00
Tanggal: 2025-02-21 00:00:00 +0000 UTC
177. Jenis: Kimia Farma
Nilai: Rp. 68.900.385,00
Tanggal: 2025-03-24 00:00:00 +0000 UTC
178. Jenis: PPG
Nilai: Rp. 8.659.200,00
Tanggal: 2025-03-24 00:00:00 +0000 UTC
179. Jenis: Asa Mulia
Nilai: Rp. 15.956.112,00
Tanggal: 2025-03-26 00:00:00 +0000 UTC
180. Jenis: Merapi
Nilai: Rp. 49.904.900,00
Tanggal: 2025-03-25 00:00:00 +0000 UTC
181. Jenis: ppg
Nilai: Rp. 179.264.000,00
Tanggal: 2025-03-24 00:00:00 +0000 UTC
182. Jenis: PPG
Nilai: Rp. 187.280.490,00
Tanggal: 2025-03-19 00:00:00 +0000 UTC
183. Jenis: PPG
Nilai: Rp. 151.881.949,00
Tanggal: 2025-03-26 00:00:00 +0000 UTC
184. Jenis: Tiara
Nilai: Rp. 76.761.147,00
Tanggal: 2025-02-20 00:00:00 +0000 UTC
185. Jenis: PENTA
Nilai: Rp. 19.794.174,00
Tanggal: 2025-03-14 00:00:00 +0000 UTC
186. Jenis: dma
Nilai: Rp. 2.288.536,00
Tanggal: 2025-02-18 00:00:00 +0000 UTC
187. Jenis: Kimia Farma
Nilai: Rp. 46.172.870,00
Tanggal: 2025-04-15 00:00:00 +0000 UTC
188. Jenis: dma
Nilai: Rp. 12.955.876,00
Tanggal: 2025-03-11 00:00:00 +0000 UTC
189. Jenis: APL
Nilai: Rp. 187.429.343,00
Tanggal: 2025-04-28 00:00:00 +0000 UTC
190. Jenis: MPI
Nilai: Rp. 159.995.678,00
Tanggal: 2025-04-28 00:00:00 +0000 UTC
191. Jenis: MERAPI
Nilai: Rp. 40.114.290,00
Tanggal: 2025-04-19 00:00:00 +0000 UTC
192. Jenis: Enseval
Nilai: Rp. 2.030.999,00
Tanggal: 2025-03-24 00:00:00 +0000 UTC
193. Jenis: MPI
Nilai: Rp. 1.780.884,00
Tanggal: 2025-04-16 00:00:00 +0000 UTC
194. Jenis: Prima meditama
Nilai: Rp. 3.753.000,00
Tanggal: 2025-04-09 00:00:00 +0000 UTC
195. Jenis: mpi
Nilai: Rp. 1.528.803,00
Tanggal: 2025-04-17 00:00:00 +0000 UTC
196. Jenis: ENSEVAL
Nilai: Rp. 1.825.570,00
Tanggal: 2025-03-26 00:00:00 +0000 UTC
197. Jenis: MPI
Nilai: Rp. 1.898.100,00
Tanggal: 2025-04-23 00:00:00 +0000 UTC
198. Jenis: Tiara
Nilai: Rp. 75.842.666,00
Tanggal: 2025-04-25 00:00:00 +0000 UTC
199. Jenis: mpi
Nilai: Rp. 1.573.425,00
Tanggal: 2025-04-29 00:00:00 +0000 UTC
200. Jenis: Tiara
Nilai: Rp. 43.884.699,00
Tanggal: 2025-03-26 00:00:00 +0000 UTC
201. Jenis: Enseval
Nilai: Rp. 199.737.064,00
Tanggal: 2025-04-30 00:00:00 +0000 UTC
202. Jenis: Great Mataram
Nilai: Rp. 26.724.171,00
Tanggal: 2025-04-19 00:00:00 +0000 UTC
203. Jenis: PPG
Nilai: Rp. 173.988.623,00
Tanggal: 2025-04-22 00:00:00 +0000 UTC
204. Jenis: AAM
Nilai: Rp. 45.346.391,00
Tanggal: 2025-04-24 00:00:00 +0000 UTC
205. Jenis: ams
Nilai: Rp. 69.784.674,00
Tanggal: 2025-05-30 00:00:00 +0000 UTC
206. Jenis: PPG
Nilai: Rp. 40.070.379,00
Tanggal: 2025-04-28 00:00:00 +0000 UTC
207. Jenis: AAM
Nilai: Rp. 196.585.360,00
Tanggal: 2025-04-19 00:00:00 +0000 UTC
208. Jenis: ams
Nilai: Rp. 13.453.476,00
Tanggal: 2025-06-26 00:00:00 +0000 UTC
209. Jenis: DMA
Nilai: Rp. 2.219.778,00
Tanggal: 2025-03-27 00:00:00 +0000 UTC
210. Jenis: Enseval
Nilai: Rp. 1.670.966,00
Tanggal: 2025-04-19 00:00:00 +0000 UTC
211. Jenis: Antar mitra persada
Nilai: Rp. 744.000,00
Tanggal: 2025-05-08 00:00:00 +0000 UTC
212. Jenis: enseval
Nilai: Rp. 2.100.120,00
Tanggal: 2025-04-04 00:00:00 +0000 UTC
213. Jenis: DMA
Nilai: Rp. 8.948.314,00
Tanggal: 2025-04-15 00:00:00 +0000 UTC
214. Jenis: Enseval
Nilai: Rp. 1.844.999,00
Tanggal: 2025-04-14 00:00:00 +0000 UTC
215. Jenis: Tempo
Nilai: Rp. 5.946.572,00
Tanggal: 2025-04-22 00:00:00 +0000 UTC
216. Jenis: sampharindo
Nilai: Rp. 1.854.244,00
Tanggal: 2025-05-07 00:00:00 +0000 UTC
217. Jenis: Bukti Pembelian
Nilai: Rp. 1.601.252,00
Tanggal: 2025-04-30 00:00:00 +0000 UTC
218. Jenis: Enseval
Nilai: Rp. 14.669.205,00
Tanggal: 2025-02-27 00:00:00 +0000 UTC
219. Jenis: Asa Mulia
Nilai: Rp. 12.499.210,00
Tanggal: 2025-04-28 00:00:00 +0000 UTC
220. Jenis: Kebayoran
Nilai: Rp. 3.740.045,00
Tanggal: 2025-04-30 00:00:00 +0000 UTC
221. Jenis: Sapta sari
Nilai: Rp. 3.299.997,00
Tanggal: 2025-04-22 00:00:00 +0000 UTC
222. Jenis: Kimia Farma
Nilai: Rp. 4.964.014,00
Tanggal: 2025-04-25 00:00:00 +0000 UTC
223. Jenis: apl
Nilai: Rp. 158.953.898,00
Tanggal: 2025-06-24 00:00:00 +0000 UTC
224. Jenis: Enseval
Nilai: Rp. 1.800.000,00
Tanggal: 2025-06-03 00:00:00 +0000 UTC
225. Jenis: mbs
Nilai: Rp. 38.245.138,00
Tanggal: 2025-07-10 00:00:00 +0000 UTC
226. Jenis: Enseval
Nilai: Rp. 1.554.343,00
Tanggal: 2025-06-19 00:00:00 +0000 UTC
227. Jenis: Lawsim
Nilai: Rp. 1.261.925,00
Tanggal: 2025-04-08 00:00:00 +0000 UTC
228. Jenis: Enseval
Nilai: Rp. 1.864.800,00
Tanggal: 2025-04-22 00:00:00 +0000 UTC
229. Jenis: mpi
Nilai: Rp. 1.542.206,00
Tanggal: 2025-05-07 00:00:00 +0000 UTC
230. Jenis: Brataco
Nilai: Rp. 135.000,00
Tanggal: 2025-04-25 00:00:00 +0000 UTC
231. Jenis: Merapi
Nilai: Rp. 106.266.206,00
Tanggal: 2025-05-28 00:00:00 +0000 UTC
232. Jenis: Lawsim
Nilai: Rp. 10.530.272,00
Tanggal: 2025-03-19 00:00:00 +0000 UTC
233. Jenis: mpi
Nilai: Rp. 1.803.750,00
Tanggal: 2025-05-06 00:00:00 +0000 UTC
234. Jenis: mbs
Nilai: Rp. 1.850.286,00
Tanggal: 2025-05-06 00:00:00 +0000 UTC
235. Jenis: mbs
Nilai: Rp. 816.093,00
Tanggal: 2025-05-09 00:00:00 +0000 UTC
236. Jenis: mpi
Nilai: Rp. 136.188.553,00
Tanggal: 2025-05-21 00:00:00 +0000 UTC
237. Jenis: mbs
Nilai: Rp. 62.506.480,00
Tanggal: 2025-05-20 00:00:00 +0000 UTC
238. Jenis: Kimia Farma
Nilai: Rp. 37.620.165,00
Tanggal: 2025-05-09 00:00:00 +0000 UTC
239. Jenis: apl
Nilai: Rp. 140.583.594,00
Tanggal: 2025-05-26 00:00:00 +0000 UTC
240. Jenis: dbm
Nilai: Rp. 9.079.633,00
Tanggal: 2025-07-18 00:00:00 +0000 UTC
241. Jenis: gau
Nilai: Rp. 256.850,00
Tanggal: 2025-05-31 00:00:00 +0000 UTC
242. Jenis: ENSEVAL
Nilai: Rp. 1.037.850,00
Tanggal: 2025-06-24 00:00:00 +0000 UTC
243. Jenis: Adya Artha
Nilai: Rp. 711.788,00
Tanggal: 2025-05-06 00:00:00 +0000 UTC
244. Jenis: MBS
Nilai: Rp. 700.243,00
Tanggal: 2025-07-10 00:00:00 +0000 UTC
245. Jenis: DBM
Nilai: Rp. 1.240.907,00
Tanggal: 2025-07-14 00:00:00 +0000 UTC
246. Jenis: PPI
Nilai: Rp. 30.693.720,00
Tanggal: 2025-06-10 00:00:00 +0000 UTC
247. Jenis: tIARA
Nilai: Rp. 54.813.929,00
Tanggal: 2025-05-27 00:00:00 +0000 UTC
248. Jenis: Penta
Nilai: Rp. 13.972.271,00
Tanggal: 2025-06-26 00:00:00 +0000 UTC
249. Jenis: PPG
Nilai: Rp. 165.223.381,00
Tanggal: 2025-05-30 00:00:00 +0000 UTC
250. Jenis: ppg
Nilai: Rp. 57.596.346,00
Tanggal: 2025-05-06 00:00:00 +0000 UTC
251. Jenis: DBM
Nilai: Rp. 3.729.600,00
Tanggal: 2025-05-26 00:00:00 +0000 UTC
252. Jenis: AAM
Nilai: Rp. 118.229.331,00
Tanggal: 2025-05-28 00:00:00 +0000 UTC
253. Jenis: bsp
Nilai: Rp. 23.198.423,00
Tanggal: 2025-05-22 00:00:00 +0000 UTC
254. Jenis: mpi
Nilai: Rp. 994.560,00
Tanggal: 2025-06-04 00:00:00 +0000 UTC
255. Jenis: mpi
Nilai: Rp. 1.032.300,00
Tanggal: 2025-06-03 00:00:00 +0000 UTC
256. Jenis: 1898100
Nilai: Rp. 1.898.100,00
Tanggal: 2025-06-04 00:00:00 +0000 UTC
257. Jenis: mpi
Nilai: Rp. 1.468.530,00
Tanggal: 2025-06-04 00:00:00 +0000 UTC
258. Jenis: mpi
Nilai: Rp. 1.573.425,00
Tanggal: 2025-06-05 00:00:00 +0000 UTC
259. Jenis: mpi
Nilai: Rp. 2.097.900,00
Tanggal: 2025-06-23 00:00:00 +0000 UTC
260. Jenis: Asa Mulia
Nilai: Rp. 25.577.920,00
Tanggal: 2025-05-28 00:00:00 +0000 UTC
261. Jenis: mpi
Nilai: Rp. 1.709.400,00
Tanggal: 2025-06-13 00:00:00 +0000 UTC
262. Jenis: mbs
Nilai: Rp. 1.232.100,00
Tanggal: 2025-06-23 00:00:00 +0000 UTC
263. Jenis: PENTA
Nilai: Rp. 17.813.821,00
Tanggal: 2025-05-31 00:00:00 +0000 UTC
264. Jenis: mbs
Nilai: Rp. 1.696.413,00
Tanggal: 2025-06-10 00:00:00 +0000 UTC
265. Jenis: mbs
Nilai: Rp. 1.416.149,00
Tanggal: 2025-06-04 00:00:00 +0000 UTC
266. Jenis: Kebayoran
Nilai: Rp. 577.200,00
Tanggal: 2025-04-03 00:00:00 +0000 UTC
267. Jenis: Adya Artha
Nilai: Rp. 5.382.112,00
Tanggal: 2025-05-19 00:00:00 +0000 UTC
268. Jenis: MPI
Nilai: Rp. 177.868.342,00
Tanggal: 2025-07-28 00:00:00 +0000 UTC
269. Jenis: mpi
Nilai: Rp. 1.687.200,00
Tanggal: 2025-07-21 00:00:00 +0000 UTC
270. Jenis: tri sapta
Nilai: Rp. 899.100,00
Tanggal: 2025-07-17 00:00:00 +0000 UTC
271. Jenis: mpi
Nilai: Rp. 1.186.312,00
Tanggal: 2025-07-10 00:00:00 +0000 UTC
272. Jenis: enseval
Nilai: Rp. 50.885.155,00
Tanggal: 2025-06-26 00:00:00 +0000 UTC
273. Jenis: MPI
Nilai: Rp. 1.509.600,00
Tanggal: 2025-07-25 00:00:00 +0000 UTC
274. Jenis: MBS
Nilai: Rp. 1.232.100,00
Tanggal: 2025-07-29 00:00:00 +0000 UTC
275. Jenis: mbs
Nilai: Rp. 1.400.487,00
Tanggal: 2025-07-18 00:00:00 +0000 UTC
276. Jenis: mbs
Nilai: Rp. 34.093.672,00
Tanggal: 2025-06-19 00:00:00 +0000 UTC
277. Jenis: ENSEVAL
Nilai: Rp. 129.004.487,00
Tanggal: 2025-05-31 00:00:00 +0000 UTC
278. Jenis: dbm
Nilai: Rp. 7.370.400,00
Tanggal: 2025-06-13 00:00:00 +0000 UTC
279. Jenis: kimia
Nilai: Rp. 1.445.042,00
Tanggal: 2025-06-05 00:00:00 +0000 UTC
280. Jenis: Brataco
Nilai: Rp. 880.000,00
Tanggal: 2025-07-24 00:00:00 +0000 UTC
281. Jenis: mpi
Nilai: Rp. 177.820.240,00
Tanggal: 2025-06-25 00:00:00 +0000 UTC
282. Jenis: Merapi
Nilai: Rp. 77.933.388,00
Tanggal: 2025-06-25 00:00:00 +0000 UTC
283. Jenis: PPI
Nilai: Rp. 14.250.180,00
Tanggal: 2025-04-22 00:00:00 +0000 UTC
284. Jenis: combi
Nilai: Rp. 33.287.652,00
Tanggal: 2025-05-28 00:00:00 +0000 UTC
285. Jenis: AMS
Nilai: Rp. 492.500,00
Tanggal: 2025-06-19 00:00:00 +0000 UTC
286. Jenis: sampharindo
Nilai: Rp. 798.884,00
Tanggal: 2025-05-26 00:00:00 +0000 UTC
287. Jenis: PPG
Nilai: Rp. 185.397.618,00
Tanggal: 2025-06-24 00:00:00 +0000 UTC
288. Jenis: sampharindo
Nilai: Rp. 1.876.500,00
Tanggal: 2025-05-26 00:00:00 +0000 UTC
289. Jenis: sampharindo
Nilai: Rp. 1.414.071,00
Tanggal: 2025-05-21 00:00:00 +0000 UTC
290. Jenis: PPI
Nilai: Rp. 7.673.430,00
Tanggal: 2025-05-26 00:00:00 +0000 UTC
291. Jenis: sampharindo
Nilai: Rp. 557.442,00
Tanggal: 2025-06-04 00:00:00 +0000 UTC
292. Jenis: Combi
Nilai: Rp. 15.678.056,00
Tanggal: 2025-06-10 00:00:00 +0000 UTC
293. Jenis: asa
Nilai: Rp. 4.606.970,00
Tanggal: 2025-06-28 00:00:00 +0000 UTC
294. Jenis: Kimia Farma
Nilai: Rp. 2.752.800,00
Tanggal: 2025-05-28 00:00:00 +0000 UTC
295. Jenis: Asa Mulia
Nilai: Rp. 16.011.534,00
Tanggal: 2025-06-05 00:00:00 +0000 UTC
296. Jenis: Combi
Nilai: Rp. 28.316.282,00
Tanggal: 2025-07-14 00:00:00 +0000 UTC
297. Jenis: Great Mataram
Nilai: Rp. 16.011.534,00
Tanggal: 2025-06-05 00:00:00 +0000 UTC
298. Jenis: bsp
Nilai: Rp. 36.559.484,00
Tanggal: 2025-06-26 00:00:00 +0000 UTC
299. Jenis: Combi
Nilai: Rp. 3.316.680,00
Tanggal: 2025-06-26 00:00:00 +0000 UTC
300. Jenis: Brataco
Nilai: Rp. 216.000,00
Tanggal: 2025-05-07 00:00:00 +0000 UTC
301. Jenis: Brataco
Nilai: Rp. 216.000,00
Tanggal: 2025-06-05 00:00:00 +0000 UTC
302. Jenis: aam
Nilai: Rp. 89.919.015,00
Tanggal: 2025-06-26 00:00:00 +0000 UTC
303. Jenis: Great Mataram
Nilai: Rp. 26.510.298,00
Tanggal: 2025-05-27 00:00:00 +0000 UTC
304. Jenis: Merapi
Nilai: Rp. 126.030.802,00
Tanggal: 2025-07-30 00:00:00 +0000 UTC
305. Jenis: APL
Nilai: Rp. 174.108.907,00
Tanggal: 2025-07-31 00:00:00 +0000 UTC
306. Jenis: AAM
Nilai: Rp. 124.995.224,00
Tanggal: 2025-07-28 00:00:00 +0000 UTC
307. Jenis: ams
Nilai: Rp. 30.073.423,00
Tanggal: 2025-07-29 00:00:00 +0000 UTC
308. Jenis: mpi
Nilai: Rp. 166.503.787,00
Tanggal: 2025-08-16 00:00:00 +0000 UTC
309. Jenis: mpi
Nilai: Rp. 1.625.872,00
Tanggal: 2025-08-04 00:00:00 +0000 UTC
310. Jenis: mpi
Nilai: Rp. 1.829.651,00
Tanggal: 2025-08-06 00:00:00 +0000 UTC
311. Jenis: mpi
Nilai: Rp. 1.794.248,00
Tanggal: 2025-08-13 00:00:00 +0000 UTC
312. Jenis: tiara
Nilai: Rp. 7.104.000,00
Tanggal: 2025-05-21 00:00:00 +0000 UTC
313. Jenis: enseval
Nilai: Rp. 1.692.359,00
Tanggal: 2025-07-21 00:00:00 +0000 UTC
314. Jenis: Asa Mulia
Nilai: Rp. 9.015.855,00
Tanggal: 2025-07-29 00:00:00 +0000 UTC
315. Jenis: tempo
Nilai: Rp. 2.973.286,00
Tanggal: 2025-08-12 00:00:00 +0000 UTC
316. Jenis: ENSEVAL
Nilai: Rp. 1.998.000,00
Tanggal: 2025-07-01 00:00:00 +0000 UTC
317. Jenis: Enseval
Nilai: Rp. 1.817.958,00
Tanggal: 2025-07-28 00:00:00 +0000 UTC
318. Jenis: ENSEVAL
Nilai: Rp. 879.120,00
Tanggal: 2025-07-23 00:00:00 +0000 UTC
319. Jenis: Sapta sari
Nilai: Rp. 466.419,00
Tanggal: 2025-08-14 00:00:00 +0000 UTC
320. Jenis: mpi
Nilai: Rp. 92.330.911,00
Tanggal: 2025-08-29 00:00:00 +0000 UTC
321. Jenis: mpi
Nilai: Rp. 1.398.600,00
Tanggal: 2025-08-22 00:00:00 +0000 UTC
322. Jenis: PPG
Nilai: Rp. 139.096.942,00
Tanggal: 2025-07-30 00:00:00 +0000 UTC
323. Jenis: mbs
Nilai: Rp. 1.848.150,00
Tanggal: 2025-08-19 00:00:00 +0000 UTC
324. Jenis: combi
Nilai: Rp. 1.603.395,00
Tanggal: 2025-08-25 00:00:00 +0000 UTC
325. Jenis: mbs
Nilai: Rp. 44.323.132,00
Tanggal: 2025-08-28 00:00:00 +0000 UTC
326. Jenis: asa
Nilai: Rp. 1.880.000,00
Tanggal: 2025-08-25 00:00:00 +0000 UTC
327. Jenis: mbs
Nilai: Rp. 1.276.266,00
Tanggal: 2025-08-06 00:00:00 +0000 UTC
328. Jenis: asa
Nilai: Rp. 11.011.370,00
Tanggal: 2025-08-27 00:00:00 +0000 UTC
329. Jenis: Kebayoran
Nilai: Rp. 4.602.781,00
Tanggal: 2025-08-13 00:00:00 +0000 UTC
330. Jenis: tIARA
Nilai: Rp. 21.030.704,00
Tanggal: 2025-06-28 00:00:00 +0000 UTC
331. Jenis: ams
Nilai: Rp. 15.382.986,00
Tanggal: 2025-08-25 00:00:00 +0000 UTC
332. Jenis: Satoria
Nilai: Rp. 48.514.770,00
Tanggal: 2025-08-23 00:00:00 +0000 UTC
333. Jenis: combi
Nilai: Rp. 490.176,00
Tanggal: 2025-09-01 00:00:00 +0000 UTC
334. Jenis: Merapi
Nilai: Rp. 118.031.992,00
Tanggal: 2025-08-15 00:00:00 +0000 UTC
335. Jenis: combi
Nilai: Rp. 5.263.932,00
Tanggal: 2025-09-01 00:00:00 +0000 UTC
336. Jenis: Combi
Nilai: Rp. 97.413.184,00
Tanggal: 2025-09-08 00:00:00 +0000 UTC
337. Jenis: AAM
Nilai: Rp. 136.500.016,00
Tanggal: 2025-08-27 00:00:00 +0000 UTC
338. Jenis: merapi
Nilai: Rp. 161.095.114,00
Tanggal: 2025-08-29 00:00:00 +0000 UTC
339. Jenis: PPG
Nilai: Rp. 82.233.795,00
Tanggal: 2025-08-26 00:00:00 +0000 UTC
340. Jenis: sampharindo
Nilai: Rp. 1.678.620,00
Tanggal: 2025-07-28 00:00:00 +0000 UTC
341. Jenis: dbm
Nilai: Rp. 9.608.160,00
Tanggal: 2025-09-03 00:00:00 +0000 UTC
342. Jenis: sampharindo
Nilai: Rp. 1.443.555,00
Tanggal: 2025-08-06 00:00:00 +0000 UTC
343. Jenis: tri sapta
Nilai: Rp. 1.642.011,00
Tanggal: 2025-09-03 00:00:00 +0000 UTC
344. Jenis: tri sapta
Nilai: Rp. 25.054.165,00
Tanggal: 2025-09-08 00:00:00 +0000 UTC
345. Jenis: Adya Artha
Nilai: Rp. 7.117.875,00
Tanggal: 2025-08-06 00:00:00 +0000 UTC
346. Jenis: PENTA
Nilai: Rp. 44.757.532,00
Tanggal: 2025-08-26 00:00:00 +0000 UTC
347. Jenis: sampharindo
Nilai: Rp. 1.287.212,00
Tanggal: 2025-10-06 00:00:00 +0000 UTC
348. Jenis: BSP
Nilai: Rp. 44.613.646,00
Tanggal: 2025-08-25 00:00:00 +0000 UTC
349. Jenis: mpi
Nilai: Rp. 51.337.000,00
Tanggal: 2025-11-17 00:00:00 +0000 UTC
350. Jenis: Tri sapta
Nilai: Rp. 1.981.350,00
Tanggal: 2025-10-21 00:00:00 +0000 UTC
351. Jenis: dbm
Nilai: Rp. 451.140,00
Tanggal: 2025-10-03 00:00:00 +0000 UTC
352. Jenis: nayara
Nilai: Rp. 2.345.652,00
Tanggal: 2025-10-27 00:00:00 +0000 UTC
353. Jenis: tri sapta
Nilai: Rp. 1.650.015,00
Tanggal: 2025-10-22 00:00:00 +0000 UTC
354. Jenis: tri sapta
Nilai: Rp. 1.399.710,00
Tanggal: 2025-10-21 00:00:00 +0000 UTC
355. Jenis: merapi
Nilai: Rp. 190.272.086,00
Tanggal: 2025-10-15 00:00:00 +0000 UTC
356. Jenis: bsp
Nilai: Rp. 44.178.153,00
Tanggal: 2025-10-27 00:00:00 +0000 UTC
357. Jenis: ppg
Nilai: Rp. 357.000,00
Tanggal: 2025-07-07 00:00:00 +0000 UTC
358. Jenis: Merapi
Nilai: Rp. 75.120.315,00
Tanggal: 2025-10-28 00:00:00 +0000 UTC
359. Jenis: Tiara
Nilai: Rp. 4.025.573,00
Tanggal: 2025-07-10 00:00:00 +0000 UTC
360. Jenis: ppg
Nilai: Rp. 137.343.174,00
Tanggal: 2025-09-24 00:00:00 +0000 UTC
361. Jenis: mbs
Nilai: Rp. 1.752.146,00
Tanggal: 2025-10-17 00:00:00 +0000 UTC
362. Jenis: mpi
Nilai: Rp. 182.853.580,00
Tanggal: 2025-10-27 00:00:00 +0000 UTC
363. Jenis: COMBI
Nilai: Rp. 176.858.261,00
Tanggal: 2025-10-28 00:00:00 +0000 UTC
364. Jenis: mbs
Nilai: Rp. 1.400.487,00
Tanggal: 2025-10-06 00:00:00 +0000 UTC
365. Jenis: MBS
Nilai: Rp. 35.969.062,00
Tanggal: 2025-10-24 00:00:00 +0000 UTC
366. Jenis: sampharindo
Nilai: Rp. 1.509.600,00
Tanggal: 2025-09-11 00:00:00 +0000 UTC
367. Jenis: mbs
Nilai: Rp. 1.015.650,00
Tanggal: 2025-10-16 00:00:00 +0000 UTC
368. Jenis: tri sapta
Nilai: Rp. 12.379.088,00
Tanggal: 2025-10-01 00:00:00 +0000 UTC
369. Jenis: Sapta sari
Nilai: Rp. 1.350.024,00
Tanggal: 2025-09-02 00:00:00 +0000 UTC
370. Jenis: mpi
Nilai: Rp. 2.113.440,00
Tanggal: 2025-10-21 00:00:00 +0000 UTC
371. Jenis: mpi
Nilai: Rp. 1.924.851,00
Tanggal: 2025-10-29 00:00:00 +0000 UTC
372. Jenis: tri sapta
Nilai: Rp. 3.750.912,00
Tanggal: 2025-09-26 00:00:00 +0000 UTC
373. Jenis: AAM
Nilai: Rp. 69.357.233,00
Tanggal: 2025-09-23 00:00:00 +0000 UTC
374. Jenis: Kebayoran
Nilai: Rp. 4.143.854,00
Tanggal: 2025-09-25 00:00:00 +0000 UTC
375. Jenis: DBM
Nilai: Rp. 5.754.240,00
Tanggal: 2025-09-24 00:00:00 +0000 UTC
376. Jenis: Nayara
Nilai: Rp. 3.283.913,00
Tanggal: 2025-10-13 00:00:00 +0000 UTC
377. Jenis: Tiara Kencana
Nilai: Rp. 34.012.474,00
Tanggal: 2025-09-25 00:00:00 +0000 UTC
378. Jenis: APL
Nilai: Rp. 124.003.591,00
Tanggal: 2025-09-27 00:00:00 +0000 UTC
379. Jenis: Tiara
Nilai: Rp. 23.308.229,00
Tanggal: 2025-08-28 00:00:00 +0000 UTC
380. Jenis: ENSEVAL
Nilai: Rp. 1.834.554,00
Tanggal: 2025-08-20 00:00:00 +0000 UTC
381. Jenis: Enseval
Nilai: Rp. 1.827.365,00
Tanggal: 2025-08-20 00:00:00 +0000 UTC
382. Jenis: tIARA
Nilai: Rp. 28.970.213,00
Tanggal: 2025-07-14 00:00:00 +0000 UTC
383. Jenis: Great Mataram
Nilai: Rp. 6.246.248,00
Tanggal: 2025-09-22 00:00:00 +0000 UTC
384. Jenis: APL
Nilai: Rp. 101.277.996,00
Tanggal: 2025-08-25 00:00:00 +0000 UTC
385. Jenis: MBS
Nilai: Rp. 38.185.110,00
Tanggal: 2025-09-25 00:00:00 +0000 UTC
386. Jenis: mbs
Nilai: Rp. 399.600,00
Tanggal: 2025-09-09 00:00:00 +0000 UTC
387. Jenis: ENSEVAL
Nilai: Rp. 1.565.810,00
Tanggal: 2025-08-22 00:00:00 +0000 UTC
388. Jenis: ENSEVAL
Nilai: Rp. 1.107.158,00
Tanggal: 2025-08-05 00:00:00 +0000 UTC
389. Jenis: MPI
Nilai: Rp. 159.512.539,00
Tanggal: 2025-09-29 00:00:00 +0000 UTC
390. Jenis: PPI
Nilai: Rp. 47.117.280,00
Tanggal: 2025-07-28 00:00:00 +0000 UTC
391. Jenis: MBS
Nilai: Rp. 10.685.304,00
Tanggal: 2025-09-08 00:00:00 +0000 UTC
392. Jenis: tri sapta
Nilai: Rp. 20.692.620,00
Tanggal: 2025-09-18 00:00:00 +0000 UTC
393. Jenis: AMS
Nilai: Rp. 14.771.364,00
Tanggal: 2025-11-17 00:00:00 +0000 UTC
394. Jenis: tri sapta
Nilai: Rp. 299.700,00
Tanggal: 2025-11-07 00:00:00 +0000 UTC
395. Jenis: ENSEVAL
Nilai: Rp. 1.833.026,00
Tanggal: 2025-08-05 00:00:00 +0000 UTC
396. Jenis: mpi
Nilai: Rp. 2.113.440,00
Tanggal: 2025-09-15 00:00:00 +0000 UTC
397. Jenis: tri sapta
Nilai: Rp. 499.500,00
Tanggal: 2025-09-19 00:00:00 +0000 UTC
398. Jenis: mpi
Nilai: Rp. 1.748.250,00
Tanggal: 2025-09-24 00:00:00 +0000 UTC
399. Jenis: mpi
Nilai: Rp. 1.332.000,00
Tanggal: 2025-09-18 00:00:00 +0000 UTC
400. Jenis: ams
Nilai: Rp. 37.410.892,00
Tanggal: 2025-09-29 00:00:00 +0000 UTC
401. Jenis: Lawsim
Nilai: Rp. 947.385,00
Tanggal: 2025-09-11 00:00:00 +0000 UTC
402. Jenis: AAM
Nilai: Rp. 5.650.900,00
Tanggal: 2025-08-01 00:00:00 +0000 UTC
403. Jenis: Kimia Farma
Nilai: Rp. 8.897.416,00
Tanggal: 2025-08-14 00:00:00 +0000 UTC
404. Jenis: Brataco
Nilai: Rp. 280.000,00
Tanggal: 2025-10-23 00:00:00 +0000 UTC
405. Jenis: tri sapta
Nilai: Rp. 1.522.032,00
Tanggal: 2025-09-22 00:00:00 +0000 UTC
406. Jenis: GAU
Nilai: Rp. 157.862,00
Tanggal: 2025-07-31 00:00:00 +0000 UTC
407. Jenis: Enseval
Nilai: Rp. 1.426.350,00
Tanggal: 2025-09-10 00:00:00 +0000 UTC
408. Jenis: Asa Mulia
Nilai: Rp. 13.906.760,00
Tanggal: 2025-09-23 00:00:00 +0000 UTC
409. Jenis: KIMIA
Nilai: Rp. 13.520.577,00
Tanggal: 2025-09-17 00:00:00 +0000 UTC
410. Jenis: MPI
Nilai: Rp. 1.423.575,00
Tanggal: 2025-09-02 00:00:00 +0000 UTC
411. Jenis: BSP
Nilai: Rp. 25.047.869,00
Tanggal: 2025-09-24 00:00:00 +0000 UTC
412. Jenis: Enseval
Nilai: Rp. 1.814.682,00
Tanggal: 2025-09-09 00:00:00 +0000 UTC
413. Jenis: Enseval
Nilai: Rp. 1.668.774,00
Tanggal: 2025-09-30 00:00:00 +0000 UTC
414. Jenis: Enseval
Nilai: Rp. 1.718.724,00
Tanggal: 2025-09-15 00:00:00 +0000 UTC
415. Jenis: Satoria
Nilai: Rp. 10.779.183,00
Tanggal: 2025-09-22 00:00:00 +0000 UTC
416. Jenis: Combi
Nilai: Rp. 20.212.268,00
Tanggal: 2025-09-26 00:00:00 +0000 UTC
417. Jenis: Bukti Pembelian
Nilai: Rp. 71.752.526,00
Tanggal: 2025-08-26 00:00:00 +0000 UTC
418. Jenis: Nayara
Nilai: Rp. 3.753.043,00
Tanggal: 2025-09-09 00:00:00 +0000 UTC
419. Jenis: Tri sapta
Nilai: Rp. 47.219.400,00
Tanggal: 2025-09-24 00:00:00 +0000 UTC
420. Jenis: Enseval
Nilai: Rp. 47.129.050,00
Tanggal: 2025-09-27 00:00:00 +0000 UTC
421. Jenis: Enseval
Nilai: Rp. 1.483.105,00
Tanggal: 2025-09-25 00:00:00 +0000 UTC
422. Jenis: Merapi
Nilai: Rp. 174.434.834,00
Tanggal: 2025-09-23 00:00:00 +0000 UTC
423. Jenis: Combi Putra
Nilai: Rp. 17.255.980,00
Tanggal: 2025-10-04 00:00:00 +0000 UTC
424. Jenis: DMA
Nilai: Rp. 7.270.223,00
Tanggal: 2025-09-02 00:00:00 +0000 UTC
425. Jenis: AMP
Nilai: Rp. 1.910.000,00
Tanggal: 2025-08-11 00:00:00 +0000 UTC
426. Jenis: AMP
Nilai: Rp. 3.050.000,00
Tanggal: 2025-08-15 00:00:00 +0000 UTC
427. Jenis: Sapta
Nilai: Rp. 2.250.146,00
Tanggal: 2025-09-03 00:00:00 +0000 UTC
428. Jenis: Enseval
Nilai: Rp. 1.997.883,00
Tanggal: 2025-10-27 00:00:00 +0000 UTC
429. Jenis: GAU
Nilai: Rp. 355.982,00
Tanggal: 2025-09-30 00:00:00 +0000 UTC
430. Jenis: Enseval
Nilai: Rp. 1.719.528,00
Tanggal: 2025-10-06 00:00:00 +0000 UTC
431. Jenis: mbs
Nilai: Rp. 43.614.342,00
Tanggal: 2025-11-03 00:00:00 +0000 UTC
432. Jenis: AMS
Nilai: Rp. 44.567.651,00
Tanggal: 2025-10-28 00:00:00 +0000 UTC
433. Jenis: Great Mataram
Nilai: Rp. 15.238.624,00
Tanggal: 2025-10-23 00:00:00 +0000 UTC
434. Jenis: mbs
Nilai: Rp. 1.015.650,00
Tanggal: 2025-11-07 00:00:00 +0000 UTC
435. Jenis: sampharindo
Nilai: Rp. 2.977.797,00
Tanggal: 2025-10-10 00:00:00 +0000 UTC
436. Jenis: Satoria
Nilai: Rp. 30.693.720,00
Tanggal: 2025-10-28 00:00:00 +0000 UTC
437. Jenis: Mulawarman
Nilai: Rp. 21.375.270,00
Tanggal: 2025-09-10 00:00:00 +0000 UTC
438. Jenis: Sapta sari
Nilai: Rp. 1.915.398,00
Tanggal: 2025-10-13 00:00:00 +0000 UTC
439. Jenis: Penta
Nilai: Rp. 11.303.962,00
Tanggal: 2025-09-22 00:00:00 +0000 UTC
440. Jenis: Asa Mulia
Nilai: Rp. 12.477.030,00
Tanggal: 2025-10-29 00:00:00 +0000 UTC
441. Jenis: mpi
Nilai: Rp. 949.050,00
Tanggal: 2025-11-12 00:00:00 +0000 UTC
442. Jenis: Tri sapta
Nilai: Rp. 390.009,00
Tanggal: 2025-10-28 00:00:00 +0000 UTC
443. Jenis: tri sapta
Nilai: Rp. 20.081.010,00
Tanggal: 2025-11-07 00:00:00 +0000 UTC
444. Jenis: Tempo
Nilai: Rp. 8.919.859,00
Tanggal: 2025-10-06 00:00:00 +0000 UTC
445. Jenis: dbm
Nilai: Rp. 2.131.200,00
Tanggal: 2025-11-08 00:00:00 +0000 UTC
446. Jenis: Enseval
Nilai: Rp. 197.479.164,00
Tanggal: 2025-09-22 00:00:00 +0000 UTC
447. Jenis: Enseval
Nilai: Rp. 145.795.558,00
Tanggal: 2025-10-30 00:00:00 +0000 UTC
448. Jenis: APL
Nilai: Rp. 179.535.534,00
Tanggal: 2025-10-22 00:00:00 +0000 UTC",https://spse.inaproc.id/wonogirikab/pencatatan/pengumumannonspk?id=10199200000
pencatatan,10198481000,Belanja Obat-Obatan-Obat (PL) Operasional Pelayanan Rumah Sakit RSUD dr.Soediran Mangun Sumarso Kab. Wonogiri,23 Januari 2025,Kab. Wonogiri,RSUD SOEDIRAN MANGUN SUMARSO,Pengadaan Barang,Pengadaan Langsung,BLUD 2025,10000000000,Tidak ada,https://spse.inaproc.id/wonogirikab/pencatatan/pengumumannonspk?id=10198481000
pencatatan,10195474000,Belanja Jasa Pengolahan Limbah B3 ( Medis dan Non Medis) (PL) Operasional Pelayanan Rumah Sakit RSUD dr.Soediran Mangun Sumarso Kab. Wonogiri,22 Januari 2025,Kab. Wonogiri,RSUD SOEDIRAN MANGUN SUMARSO,Jasa Lainnya,Pengadaan Langsung,BLUD 2025,49392000,"1. Jenis: Arah 12.262.540
Nilai: Rp. 12.262.540,00
Tanggal: 2024-12-31 00:00:00 +0000 UTC
2. Jenis: Arah des 2 4.996.253
Nilai: Rp. 4.996.253,00
Tanggal: 2025-12-24 00:00:00 +0000 UTC",https://spse.inaproc.id/wonogirikab/pencatatan/pengumumannonspk?id=10195474000
pencatatan,10216914000,Belanja Tagihan Listrik Operasional Pelayanan Rumah Sakit RSUD dr.Soediran Mangun Sumarso Kab. Wonogiri,30 Januari 2025,Kab. Wonogiri,RSUD SOEDIRAN MANGUN SUMARSO,Jasa Lainnya,Pengecualian,BLUD 2025,1930000000,"1. Jenis: Listrik Agustus 176.237.206
Nilai: Rp. 176.237.206,00
Tanggal: 2025-09-13 00:00:00 +0000 UTC
2. Jenis: 1. Jan 175.802.380
Nilai: Rp. 175.802.380,00
Tanggal: 2025-01-03 00:00:00 +0000 UTC
3. Jenis: 2. feb 178.668.218
Nilai: Rp. 178.668.218,00
Tanggal: 2025-02-06 00:00:00 +0000 UTC
4. Jenis: Mar 163.498.259
Nilai: Rp. 163.498.259,00
Tanggal: 2025-03-04 00:00:00 +0000 UTC
5. Jenis: Maret 175.214.527
Nilai: Rp. 175.214.527,00
Tanggal: 2025-04-09 00:00:00 +0000 UTC
6. Jenis: Apr 177.238.055
Nilai: Rp. 177.238.055,00
Tanggal: 2025-05-06 00:00:00 +0000 UTC
7. Jenis: Listrik Mei 176.886.211
Nilai: Rp. 176.885.211,00
Tanggal: 2025-06-04 00:00:00 +0000 UTC
8. Jenis: Listrik Juli 167.258.519
Nilai: Rp. 167.258.519,00
Tanggal: 2025-08-06 00:00:00 +0000 UTC
9. Jenis: Listrik Juni 170.250.778
Nilai: Rp. 170.250.778,00
Tanggal: 2025-06-30 00:00:00 +0000 UTC
10. Jenis: Listrik Sept 175.326.908
Nilai: Rp. 175.326.908,00
Tanggal: 2025-10-07 00:00:00 +0000 UTC
11. Jenis: PLN Nov 189.414.874
Nilai: Rp. 189.414.874,00
Tanggal: 2025-11-06 00:00:00 +0000 UTC",https://spse.inaproc.id/wonogirikab/pencatatan/pengumumannonspk?id=10216914000
pencatatan,10213884000,Biaya BBM Perjalanan Dinas Dalam Daerah Sub Kegiatan Pelayanan Proses Izin Perceraian Pegawai BKPSDM Kabupaten Wonogiri,28 Januari 2025,Kab. Wonogiri,BADAN KEPEGAWAIAN DAN PENGEMBANGAN SUMBER DAYA MANUSIA,Pengadaan Barang,Pengecualian,APBD 2025,400000,"1. Jenis: Kuitansi
Nilai: Rp. 207.200,00
Tanggal: 2024-12-26 00:00:00 +0000 UTC",https://spse.inaproc.id/wonogirikab/pencatatan/pengumumannonspk?id=10213884000
